rank,title,genre,imdb_plot
1,地球上的星星,天使保护事件始末。,对于8岁的男孩伊夏（达席尔·萨法瑞DarsheelSafary饰）来说，世界是充满了惊奇和快乐的万花筒，他正在用一切他能够想到的方式和这个陌生的世界进行着交流，同时也充分的享受着大地万物慷慨的赠与。可是，这样的伊夏却是成年人眼中的问题儿童，他的成绩不好，在班上的排名靠后，脑子里还充满了各种匪夷所思的鬼点子，在又一次闯下大祸后，忍无可忍的父母将他送往了寄宿学校。虽然伊夏的新生活并没有什么改变，但在内心里，和父母分离的生活让他感到闷闷不乐，这时，一位名叫尼克（阿米尔·汗AamirKhan饰）的美术老师走进了他的生活。和以往所见到的固守成规的老师不同，尼克主张让学生们保留自己的个性和思想，自由的发展。在和尼克相处的日子里，伊夏和尼克都慢慢的成熟了起来。
2,我爱你,你要相信，这世上真的有爱存在，不管在什么年纪 ,飘雪的坡道上，送牛奶的老头子金万皙（李顺载饰）邂逅了收废品的老太太宋怡芬（尹秀晶饰）。他们的前半生各自背负着艰辛的人生：万皙年轻时我行我素，直到妻子病逝才深觉愧疚；怡芬被心爱的男人抛弃在城市角落，孩子夭折后至老未嫁。两位老人在每天凌晨寂静的街道上相遇，孤独而苦难的生活令他们渐渐靠近。在万皙孙女妍儿（宋智孝饰）的穿针引线下，如初恋般的悸动萌发在了彼此心中。万皙的朋友、停车场管理员张军峰（宋在河饰）一直耐心的看护着患有老年痴呆症的老伴。直到有一天，军峰得知老伴已患绝症。目睹她一次次痛苦病发，心如刀绞的军峰做出了悲伤的决定……影片改编自韩国著名网络漫画家姜草的同名作品，已公演的同名舞台剧亦受到好评。
3,穿越时空的少女,爱上未来的你。 ,17岁少女绀野真琴是一个活泼跳脱的少女。在一次普通值日工作中，真琴不小心摔倒了，自此她发现自己拥有了穿越时空的能力。她兴奋不已，掌握了穿越时空的方法后，她经常用这个方法去解决生活中许多令她困扰十分的事。喜欢棒球的真琴与同班的两名男生千昭与功介有着共同爱好。一天，与她本是好朋友的千昭突然向她表达爱意，手足无措了她再次穿越时空希望可以躲避这件事的发生。但没想到，千昭会跟同学友梨在一起了，而友梨也是一直喜欢千昭的。此时，暗恋功介的果穗误以为真琴是功介的女友。为了帮忙解决朋友的问题，真琴不断以同样的方法回到过去。她突然发现自己手臂上的数字原来是穿越时空的次数，次数变得越来越少，与此同时她也发现了千昭的秘密……
4,香水,一个单凭体香达到高潮的男人。,十八世纪，让-马普蒂斯特•格雷诺耶（本•韦肖BenWhishaw饰）出生在巴黎最肮脏、最恶臭不堪的地方——鱼市场上。格雷诺耶天生对气味有着惊人的天赋：无论恶臭还芳香，他都一一记住，并能轻易分辨各种气味。当他在孤儿院长到13岁的时候，被院长卖给了制皮匠。格雷诺耶在制皮铺过着犬马不如的生活。机缘巧合，格雷诺耶在香水巴尔蒂尼面前展露了其过人的天赋，进入了香水铺工作。但格雷诺耶并不仅仅满足于制作出世界上最芳香的香水，他梦想学得如何保存万物气味的方法。巴尔蒂尼告诉格雷诺耶香水的起源地在格拉斯，那里的人知道保存气味的方法。格雷诺耶拿着巴尔蒂尼的推荐信来到了格拉斯。格雷诺耶爱上了青春少女的体香，为了把这种香味保存下来，格雷诺耶最终走上了杀手的道路。
5,弱点,拍掉身上的悲伤，从今天开始重新踏上追梦之旅。,黑人男孩奥赫（昆东•亚伦QuintonAaron饰）自幼父母离异，无家可归。不过，木讷的他却因为极强的身体条件和运动天赋，幸运地进入了一家私立基督教高中。虽然，他科科零分，但是一些细节却让他显得与众不同。一次排球比赛后，他主动收拾垃圾的行为，引起了陶西一家的注意。于是，陶西太太（桑德拉•布洛克SandraBullock饰）决定收养奥赫，并把他培养成橄榄球选手。陶西太太让他感受到了家庭的温暖。同时，陶西的儿子还帮助奥赫训练，使他很快地融入了橄榄球队的生活，不断激发运动的潜能。终于，在一次比赛中，他因出色的表现崭露头角，开始获得了球探的关注，随之带来了一系列的甜蜜和麻烦……本片根据迈克尔•刘易斯（MichaelLewis）的原著《弱点：比赛进程》（TheBlindSide:EvolutionoftheGame）改编，取材自20...
6,崖上的波妞,,海神的女儿波妞从深海出逃玩耍，却被困在玻璃瓶里冲到岸上，碰巧被住在岸边悬崖的宗介救出，两人因此相识。但是波妞的父亲——魔法师藤本，认为人类世界肮脏丑陋，强行把波妞带回海里。面对父亲的阻挠、席卷小镇的海啸，以及永远失去魔法的威胁，波妞仍然大胆而坚决地决定——要变成人类跟宗介在一起。而承诺要永远保护波妞的宗介，也即将面临新的挑战...
7,完美陌生人,来啊，互相伤害啊！,"三对处于各个婚姻阶段的伴侣和一个宅男，七人聚在一起吃晚餐。女主人提议下拍板决定当夜所有人分享每一个电话、每一条短信、邮件的内容,由此许多秘密开始不再是秘密，他们之间的关系也开始发生波动。无数疮痍在这场“坦白局”中被揭开，复杂的男女情感让所有人陷入困局，什么是婚姻感情中最不可触碰的底线？众人遭遇是难言的禁忌还是隐藏的真心，月食过后，谎言能否继续？"
8,海洋,大海啊，不全是水。,《海洋》耗时五年，耗资5000万欧元，动用12个摄制组、70艘船，在全球50个拍摄地，有超过100个物种被拍摄，超过500小时的海底世界及海洋相关素材，是史上投资最大的纪录片。海洋是什么？这部电影告诉你答案。这是一部以环保为主题，令人心旷神怡、叹为观止的生态学纪录片。本片聚焦于覆盖着地球表面的四分之三的“蓝色领土”。导演深入探索这个幽深而富饶的神秘世界、完整地呈现海洋的壮美辽阔。真实的动物世界的冒险远比动画片中的故事来的精彩，接下来银幕展开——巨大的水母群、露脊鲸、大白鲨、企鹅等。毫不吝啬在镜头前展示他们旺盛的生命力，让人叹为观止。
9,哈利·波特与死亡圣器(上),最忠于原著的一部。,《哈利·波特与死亡圣器》小站http://site.douban.com/108361/邓不利多死后，伏地魔（RalphFiennes饰）与食死徒入侵魔法学校，魔法部也被伏地魔的爪牙操控，邪恶的阴云笼罩魔法世界上空。在哈利·波特（丹尼尔·雷德克里夫DanielRadcliffe饰）17岁生日之际，凤凰社成员及一众好友护送他回到了凤凰社的据点陋居，然而这立即遭到食死徒毁灭性地打击。哈利和罗恩（鲁伯特·格林特RupertGrint饰）、赫敏（爱玛·沃特森EmmaWatson饰）侥幸逃亡，并且按照邓不利多的嘱托继续寻找伏地魔的魂器。死亡的威胁时刻逡巡左右，他们还要面对友情的考验。在寻找摧毁魂器方法的过程中，死亡圣器的面纱也渐渐揭开。与此同时，为了置哈利于死地，伏地魔也在寻找最后一件死亡圣器。最后的决战即将到来……
10,朗读者,当爱情跨越年龄的界限，它似乎能变得更久远一点，成为一种责任，一种水到渠成的相濡以沫。 ,15岁的少年米夏·伯格（大卫·克劳斯DavidKross饰）偶遇36岁的中年神秘女列车售票员汉娜（凯特·温丝莱特KateWinslet饰），后来两个发展出一段秘密的情人关系。汉娜最喜欢躺在米夏怀里听米夏为他读书，她总是沉浸在那朗朗的读书声中。年轻的米夏沉溺于这种关系不能自拔的同时，却发现他自己根本不了解汉娜。忽然有一天，这个神秘女人不告而别，米夏在短暂的迷惑和悲伤之后，开始了新的生活。二战虽然结束了，但德国对于纳粹战犯的审判还在继续。成为法律学校的实习生的米夏，在一次旁听对纳粹战犯的审判过程中，竟然发现一个熟悉的身影。虽然已经事隔8年，但米夏还是一眼便认出那就是消失8年的汉娜。而这一次，她坐上了纳粹战犯审判法庭的被告席，这个神秘女人的往事在案件的审理过程中逐渐清晰。然而，米夏却发现了一个汉娜宁愿搭上性命也要隐藏秘密。汉娜最终被判终身监...
11,谍影重重,哗啦啦啦啦，天在下雨，哗啦啦啦啦，云在哭泣……找自己。,杰森·伯恩（马特·达蒙饰）在意大利被人从海上救起，他失去了记忆，除了臀部的瑞士银行帐号之外，他完全没有办法证明自己的身份。杰森从瑞士银行找到了大量的现金，六本护照，一把枪，同时他发现自己格斗、枪械、和语言等方面的能力，他开始追查自己的身份，并且把陌生女子玛丽（弗兰卡·泼坦特饰）也卷了进来。两人从瑞士到巴黎，一路上受到神秘杀手组织的追杀，危机重重。杰森能否化险为夷，找到自己的真实身份？他是否有勇气面对真相？
12,千年女优,爱情是一场没有尽头的虚幻追逐。,60岁的立花源也和28岁的摄影师井田恭二不远千里跋山涉水上门去拜访隐居了三十年的一代影星藤原千代子，为了给她拍摄一生自传的纪录片。款款前来的千代子虽然已界75岁高龄，但仍然优雅美丽，左眼下标志性的小痣也仍然俏皮。立花双手递上一把钥匙，千代子深受震动，称这把钥匙是开启一个秘密的关键，当年她不慎丢失，今日竟还能再回手中。千代子的思绪飞到老远。1926年9月1日，藤原千代子呱呱坠地，水灵清秀的她16岁就被星探发掘，然而直到遇上一个画家，她救他于乱世中，藏于自家仓库内，他赠她一把钥匙，说这是开启秘密的关键，并承诺再与她重逢时带她去看北海道的雪。然而次日千代子放学归家时画家已经因为逃开追捕逃离远去。千代子自此进入电影圈，只因为画家最后说他会去满洲作战，而第一部电影承诺会去满洲取景。从此千代子的银幕生涯拉开，拍摄了代表日本战国、幕府、大正及昭和等四个不同时...
13,再次出发之纽约遇见你,爱我就给我看你的播放列表。,格雷塔（凯拉·奈特莉KeiraKnightley饰）抛弃了一切跟随着男友戴夫（亚当·李维AdamLevine饰）来到美国纽约实现他们的音乐和爱情梦想，没想到曾经幻想过的美好一切化作泡影，在获得了更好的工作机会后，戴夫果断抛弃了格雷塔，留下她一人苦苦在底层挣扎。丹（马克·鲁法洛MarkRuffalo饰）最近的生活也不好过，他发现自己无法从思念前妻马瑞安（凯瑟琳·基纳CatherineKeener饰）的感情中走出来，与此同时，他的女儿维奥莱特（海莉·斯坦菲尔德HaileeSteinfeld饰）正处于一生中最叛逆的阶段。丹和格雷塔，命运让这失意的两人于一间小小的酒吧里相遇了，等待着他们的，会是怎样充满波折而又浪漫满满的故事呢？
14,花束般的恋爱,,山音麦(菅田将晖饰)和八谷绢(有村架纯饰)因错过尾班车而相遇，在深夜咖啡馆聊起文学、电影和音乐，喜好竟奇蹟地相似，二人瞬间坠入爱河。他们毕业后开始一边兼职工作，一边开始同居生活，更一起养拾回来的街猫，最大的目标就是维持俩口子的日常。但时日流逝，不想改变也得改变。他失约于《牯岭街》，她独赏郭利斯马基黑色幽默。五年盛放，世上唯一的花未必结果，爱情若只如初见。《垫底辣妹》《借着雨点说爱你》导演土井裕泰联同《东京爱的故事》神级编剧坂元裕二，强调真实生活感的浪漫，菅田将晖和有村架纯衬到绝合演，谱出这代最揪心的爱的故事。
15,哈利·波特与死亡圣器(下),10年的完美句点。,当又一次和伏地魔（拉尔夫·费因斯RalphFiennes饰）的意识连通，哈利·波特（丹尼尔·雷德克里夫DanielRadcliffe饰）断定最后一件魂器藏在霍格沃茨，于是和罗恩（鲁伯特·格林特RupertGrint饰）、赫敏（艾玛·沃森EmmaWatson饰）一同返回阴云密布的学校。在好友们的帮助下，他们成功驱逐了斯内普（艾伦·瑞克曼AlanRickman饰），然而觉察到哈利目的的伏地魔则率领徒众向霍格沃茨逼近。食死徒、摄魂怪、巨人疯狂涌入这所有着悠久历史的魔法学校，正邪决战旋即爆发，一时间血雨腥风，死伤无数。从斯内普的眼泪中，哈利不仅了解到父辈的故事，也证实了藏缅于他体内最后的秘密。在此之后，他也和伏地魔迎来了最后的对决……本片根据英国作家J.K.罗琳的同名原著改编，也是“哈利·波特”系列影片的完结篇。
16,怦然心动,真正的幸福是来自内心深处。,布莱斯（卡兰•麦克奥利菲CallanMcAuliffe饰）全家搬到小镇，邻家女孩朱丽（玛德琳•卡罗尔MadelineCarroll饰）前来帮忙。她对他一见钟情，心愿是获得他的吻。两人是同班同学，她一直想方设法接近他，但是他避之不及。她喜欢爬在高高的梧桐树上看风景。但因为施工，树被要被砍掉，她誓死捍卫，希望他并肩作战，但是他退缩了。她的事迹上了报纸，外公对她颇有好感，令他十分困惑。她凭借鸡下蛋的项目获得了科技展第一名，成了全场焦点，令他黯然失色。她把自家鸡蛋送给他，他听家人怀疑她家鸡蛋不卫生，便偷偷把鸡蛋丢掉。她得知真相，很伤心，两人关系跌入冰点。她跟家人诉说，引发争吵。原来父亲一直攒钱照顾傻弟弟，所以生活拮据。她理解了父母，自己动手，还得到了他外公的鼎力相助。他向她道歉，但是并未解决问题。他开始关注她。鸡蛋风波未平，家庭晚宴与午餐男孩评选...
17,触不可及,满满温情的高雅喜剧。,因为一次跳伞事故，白人富翁菲利普Philippe（弗朗索瓦·克鲁塞FrançoisCluzet饰）瘫痪在床，欲招聘一名全职陪护。由于薪酬高，应聘者云集，个个舌灿莲花，却无法打动他的心。直到黑人德希斯Driss（奥玛·赛OmarSy饰）的出现才让他作出决定。德希斯刚从监狱出来，背负家庭重担，一心只想寻张辞退信以申领救济金，而且他明显对女助理的兴趣要远大于这份工作。但是菲利普还是一眼相中了这个小伙子。于是，德希斯开始了一个月的试用期。虽然舒适的豪宅环境让他倍感虚荣，但是他仍面临很多挑战：不仅要为菲利普作身体复健，还得给他洗浴、灌肠、拆信、穿丝袜等。起初，两人的思维方式与价值观大相径庭，但是，随着了解的不断深入，他们成为了朋友……本片取材于真实事件，获2011年东京电影节最佳影片金麒麟奖，弗朗索瓦·克鲁塞与奥玛·赛分享影帝桂冠。
18,当幸福来敲门,平民励志片。 ,克里斯•加纳（威尔·史密斯WillSmith饰）用尽全部积蓄买下了高科技治疗仪，到处向医院推销，可是价格高昂，接受的人不多。就算他多努力都无法提供一个良好的生活环境给妻儿，妻子（桑迪·牛顿ThandieNewton饰）最终选择离开家。从此他带着儿子克里斯托夫（贾登·史密斯JadenSmith饰）相依为命。克里斯好不容易争取回来一个股票投资公司实习的机会，就算没有报酬，成功机会只有百分之五，他仍努力奋斗，儿子是他的力量。他看尽白眼，与儿子躲在地铁站里的公共厕所里，住在教堂的收容所里……他坚信，幸福明天就会来临。
19,阿飞正传,王家卫是一种风格，张国荣是一个代表。,1960年代的香港，因生母在阿飞旭仔（张国荣）长大成人过程中的缺失，他把自己优雅地比喻为“无根鸟”，对生命中遇到的每一个女人都表现得放荡不羁，售票员苏丽珍（张曼玉）和舞女咪咪（刘嘉玲）先后令他感受过温暖，可是她们也只能当当小情人。为摆脱沉重和无力感，旭仔抛下一切去南洋找寻生母。暗恋过苏丽珍且目睹过她与旭仔情感一路变化的，曾是小巡警今在跑船的超仔（刘德华）在菲律宾又遇到旭仔，是缘分也是宿命，他参与、见证了阿飞命运被改写的过程。
20,教父,千万不要记恨你的对手，这样会让你失去理智。,40年代的美国，“教父”维托·柯里昂（马龙·白兰度饰）是黑手党柯里昂家族的首领，带领家族从事非法的勾当，但同时他也是许多弱小平民的保护神，深得人们爱戴。因为拒绝了毒枭索洛索的毒品交易要求，柯里昂家族和纽约其他几个黑手党家族的矛盾激化。圣诞前夕，索洛索劫持了“教父”的参谋汤姆，并派人暗杀“教父”；因为内奸的出卖，“教父”的大儿子逊尼被仇家杀害；小儿子麦克（阿尔·帕西诺饰）也被卷了进来，失去爱妻。黑手党家族之间的矛盾越来越白热化。年老的“教父”面对丧子之痛怎样统领全局？黑手党之间的仇杀如何落幕？谁是家族的内奸？谁又能够成为新一代的“教父”？血雨腥风和温情脉脉，在这部里程碑式的黑帮史诗巨片里真实上演。
21,无间道,香港电影史上永不过时的杰作。,1991年，香港黑帮三合会会员刘健明（刘德华）听从老大韩琛（曾志伟）的吩咐，加入警察部队成为黑帮卧底，韩琛许诺刘健明会帮其在七年后晋升为见习督察。1992年，警察训练学校优秀学员陈永仁（梁朝伟）被上级要求深入到三合会做卧底，终极目标是成为韩琛身边的红人。2002年，两人都不负重望，也都身背重压，刘健明渐想成为一个真正的好人，陈永仁则盼着尽快回归警察身份。重案组从陈永仁手中获悉一批毒品交易情报，锁紧目标人物韩琛，没料情报被刘健明泄出，双方行动均告失败。但此事将双方均有卧底的事实暴露，引发双方高层清除内鬼的决心。命运迥异又相似的刘健明和陈永仁开始在无间道的旅程中接受严峻考验。
22,控方证人,比利·怀德满分作品。,伦敦著名刑案辩护律师韦菲爵士（查尔斯•劳顿CharlesLaughton饰）接受了心脏病治疗，但是身体依旧虚弱，第一天回家休养，护士一直严厉监督他服药，并杜绝烟酒。管家为了便于上楼，还专门为他修了电梯。但是，种种关心照顾，对于这位桀骜不驯、牙尖嘴利的大律师根本不起作用，反倒是一纸诉状令他倍感兴奋。律师梅休和当事人沃尔（泰隆•鲍华TyronePower饰）登门拜访，请他出山打官司。原来，沃尔结识了富婆，两人相见甚欢，虽然仆人对他发明的打蛋器充满鄙夷，但是富婆却对他充满爱意，甚至为他修改了遗嘱，把8万英镑留给了他。然而，富婆却惨遭毒手。于是，沃尔成为警方的头号嫌疑犯。他的唯一证人是妻子克里斯汀（玛琳•黛德丽MarleneDietrich饰），然而后者登门时的冷漠与淡定，令韦菲爵士怀疑这其中另有隐情。在扑朔迷离的案件背后，隐藏着一个个环环相扣...
23,熔炉,我们一路奋战不是为了改变世界，而是为了不让世界改变我们。,来自首尔的哑语美术老师仁浩（孔宥饰）来到雾津，应聘慈爱聋哑人学校。天降大雾，他意外撞车，维修时邂逅了人权组织成员柔珍（郑有美饰）。仁浩妻子早亡，8岁女儿天生哮喘由祖母照看，所以他不辞辛苦谋职养家。然而，双胞胎的校长与教导主任竟逼仁浩索贿5千万韩元。同时，仁浩逐渐发现学校笼罩着一种紧张压抑的气氛，令人窒息。有三个孩子引人关注：聪颖的金妍斗（金贤秀饰）、贪吃的陈宥利（郑仁絮饰）和弟弟自杀身亡的全民秀（白承焕饰），民秀总是满脸淤青。下课后，仁浩还听到女厕所中有呼喊与哭泣，在门卫的阻拦下他未深究。之后。他意外目睹了校长行贿警察，教导员毒打民秀，宿导溺罚妍斗的行径。一个惊天的隐秘被慢慢揭开，真相令韩国震惊……本片取材于2005年光州一所聋哑障碍人学校的真实事件，改编自韩国作家孔枝泳的同名小说。
24,疯狂动物城,迪士尼给我们营造的乌托邦就是这样，永远善良勇敢，永远出乎意料。,故事发生在一个所有哺乳类动物和谐共存的美好世界中，兔子朱迪（金妮弗·古德温GinniferGoodwin配音）从小就梦想着能够成为一名惩恶扬善的刑警，凭借着智慧和努力，朱迪成功的从警校中毕业进入了疯狂动物城警察局，殊不知这里是大型肉食类动物的领地，作为第一只，也是唯一的小型食草类动物，朱迪会遇到怎样的故事呢？近日里，城中接连发生动物失踪案件，就在全部警员都致力于调查案件真相之时，朱迪却被局长（伊德瑞斯·艾尔巴IdrisElba配音）发配成为了一名无足轻重的交警。某日，正在执勤的兔子遇见了名为尼克（杰森·贝特曼JasonBateman配音）的狐狸，两人不打不相识，之后又误打误撞的接受了寻找失踪的水獭先生的任务，如果不能在两天之内找到水獭先生，朱迪就必须自愿离开警局。朱迪找到了尼克，两人联手揭露了一个隐藏在疯狂动物城之中的惊天秘密。
25,大话西游之大圣娶亲,一生所爱。,至尊宝（周星驰饰）被月光宝盒带回到五百年前，遇见紫霞仙子（朱茵饰），被对方打上烙印成为对方的人，并发觉自己已变成孙悟空。紫霞与青霞（朱茵饰）本是如来佛祖座前日月神灯的灯芯（白天是紫霞，晚上是青霞），二人虽然同一肉身却仇恨颇深，因此紫霞立下誓言，谁能拔出她手中的紫青宝剑，谁就是她的意中人。紫青宝剑被至尊宝于不经意间拔出，紫霞决定以身相许，却遭一心记挂白晶晶（莫文蔚饰）的至尊宝拒绝。后牛魔王救下迷失在沙漠中的紫霞，并逼紫霞与他成婚，关键时刻，至尊宝现身。
26,放牛班的春天,天籁一般的童声，是最接近上帝的存在。 ,1949年的法国乡村，音乐家克莱门特（热拉尔·朱尼奥饰）到了一间外号叫“塘低”的男子寄宿学校当助理教师。学校里的学生大部分都是难缠的问题儿童，体罚在这里司空见惯，学校的校长（弗朗索瓦·贝莱昂饰）只顾自己的前途，残暴高压。性格沉静的克莱门特尝试用自己的方法改善这种状况，他重新创作音乐作品，组织合唱团，决定用音乐的方法来打开学生们封闭的心灵。然而，事情并不顺利，克莱门特发现学生皮埃尔·莫安琦（让-巴蒂斯特·莫尼耶饰）拥有非同一般的音乐天赋，但是单亲家庭长大的他，性格异常敏感孤僻，怎样释放皮埃尔的音乐才能，让克莱门特头痛不已；同时，他与皮埃尔母亲的感情也渐渐微妙起来。
27,机器人总动员,小瓦力，大人生。,公元2805年，人类文明高度发展，却因污染和生活垃圾大量增加使得地球不再适于人类居住。地球人被迫乘坐飞船离开故乡，进行一次漫长无边的宇宙之旅。临行前他们委托Buynlarge的公司对地球垃圾进行清理，该公司开发了名为WALL·E（WasteAllocationLoadLifters–Earth地球废品分装员）的机器人担当此重任。这些机器人按照程序日复一日、年复一年辛勤工作，但随着时间的流逝和恶劣环境的侵蚀，WALL·E们接连损坏、停止运动。最后只有一个仍在进行这项似乎永无止境的工作。经历了漫长的岁月，它开始拥有了自己的意识。它喜欢将收集来的宝贝小心翼翼藏起，喜欢收工后看看几百年前的歌舞片，此外还有一只蟑螂朋友作伴。直到有一天，一艘来自宇宙的飞船打破了它一成不变的生活……本片荣获2009年第81届奥斯卡最佳动画长片奖。
28,三傻大闹宝莱坞,英俊版憨豆，高情商版谢耳朵。,本片根据印度畅销书作家奇坦·巴哈特（ChetanBhagat）的处女作小说《五点人》（FivePointSomeone）改编而成。法兰（马德哈万RMadhavan饰）、拉杜（沙曼·乔希SharmanJoshi饰）与兰乔（阿米尔·汗AamirKhan饰）是皇家工程学院的学生，三人共居一室，结为好友。在以严格著称的学院里，兰乔是个非常与众不同的学生，他不死记硬背，甚至还公然顶撞校长“病毒”（波曼·伊拉尼BomanIrani饰），质疑他的教学方法。他不仅鼓动法兰与拉杜去勇敢追寻理想，还劝说校长的二女儿碧雅（卡琳娜·卡普KareenaKapoor饰）离开满眼铜臭的未婚夫。兰乔的特立独行引起了模范学生“消音器”（奥米·维嘉OmiVaidya饰）的不满，他约定十年后再与兰乔一决高下，看哪种生活方式更能取得成功。本片获孟...
29,忠犬八公的故事,永远都不能忘记你所爱的人。,八公（Forest饰）是一条谜一样的犬，因为没有人知道它从哪里来。教授帕克（理查·基尔RichardGere饰）在小镇的火车站拣到一只走失的小狗，冥冥中似乎注定小狗和帕克教授有着某种缘分，帕克一抱起这只小狗就再也放不下来，最终，帕克对小狗八公的疼爱感化了起初极力反对养狗的妻子卡特（琼·艾伦JoanAllen饰）。八公在帕克的呵护下慢慢长大，帕克上班时八公会一直把他送到车站，下班时八公也会早早便爬在车站等候，八公的忠诚让小镇的人家对它更加疼爱。有一天，八公在帕克要上班时表现异常，居然玩起了以往从来不会的捡球游戏，八公的表现让帕克非常满意，可是就是在那天，帕克因病去世。帕克的妻子、女儿安迪（萨拉·罗默尔SarahRoemer饰）及女婿迈克尔（罗比·萨布莱特RobbieSublett饰）怀着无比沉痛的心情埋葬了帕克，可是不明就里的...
30,海上钢琴师,每个人都要走一条自己坚定了的路，就算是粉身碎骨。 ,本片讲述了一个钢琴天才传奇的一生。1900年，Virginian号豪华邮轮上，一个孤儿被遗弃在头等舱，由船上的水手抚养长大，取名1900（蒂姆•罗斯饰）。1900慢慢长大，显示出了无师自通的非凡钢琴天赋，在船上的乐队表演钢琴，每个听过他演奏的人，都被深深打动。爵士乐鼻祖杰尼听说了1900的高超技艺，专门上船和他比赛，最后自叹弗如，黯然离去。可惜，这一切的事情都发生在海上，1900从来不愿踏上陆地，直到有一天，他爱上了一个女孩，情愫在琴键上流淌。他会不会为了爱情，踏上陆地开始新的生活，用他的琴声惊艳世界？他将怎样谱写自己非凡的人生。
31,楚门的世界,如果再也不能见到你，祝你早安，午安，晚安。,楚门（金•凯瑞JimCarrey饰）是一个平凡得不能再平凡的人，除了一些有些稀奇的经历之外——初恋女友突然失踪、溺水身亡的父亲忽然似乎又出现在眼前，他和绝大多数30多岁的美国男人绝无异样。这令他倍感失落。他也曾试过离开自己生活了多年的地方，但总因种种理由而不能成行。直到有一天，他忽然发觉自己似乎一直在被人跟踪，无论他走到哪里，干什么事情。这种感觉愈来愈强烈。楚门决定不惜一切代价逃离这个他生活了30多年的地方，去寻找他的初恋女友。但他却发现自己怎样也逃不出去。真相其实很残忍。
32,星际穿越,爱是一种力量，让我们超越时空感知它的存在。,近未来的地球黄沙遍野，小麦、秋葵等基础农作物相继因枯萎病灭绝，人类不再像从前那样仰望星空，放纵想象力和灵感的迸发，而是每日在沙尘暴的肆虐下倒数着所剩不多的光景。在家务农的前NASA宇航员库珀（马修·麦康纳MatthewMcConaughey饰）接连在女儿墨菲（麦肯吉·弗依MackenzieFoy饰）的书房发现奇怪的重力场现象，随即得知在某个未知区域内前NASA成员仍秘密进行一个拯救人类的计划。多年以前土星附近出现神秘虫洞，NASA借机将数名宇航员派遣到遥远的星系寻找适合居住的星球。在布兰德教授（迈克尔·凯恩MichaelCaine饰）的劝说下，库珀忍痛告别了女儿，和其他三名专家教授女儿艾米莉亚·布兰德（安妮·海瑟薇AnneHathaway饰）、罗米利（大卫·吉雅西DavidGyasi饰）、多伊尔（韦斯·本特利WesB...
33,盗梦空间,诺兰给了我们一场无法盗取的梦。,道姆·柯布（莱昂纳多·迪卡普里奥LeonardoDiCaprio饰）与同事阿瑟（约瑟夫·戈登-莱维特JosephGordon-Levitt饰）和纳什（卢卡斯·哈斯LukasHaas饰）在一次针对日本能源大亨齐藤（渡边谦饰）的盗梦行动中失败，反被齐藤利用。齐藤威逼利诱因遭通缉而流亡海外的柯布帮他拆分他竞争对手的公司，采取极端措施在其唯一继承人罗伯特·费希尔（希里安·墨菲CillianMurphy饰）的深层潜意识中种下放弃家族公司、自立门户的想法。为了重返美国，柯布偷偷求助于岳父迈尔斯（迈克尔·凯恩MichaelCaine饰），吸收了年轻的梦境设计师艾里阿德妮（艾伦·佩吉EllenPage饰）、梦境演员艾姆斯（汤姆·哈迪TomHardy饰）和药剂师约瑟夫（迪利普·劳DileepRao饰）加入行动。在一层层...
34,千与千寻,最好的宫崎骏，最好的久石让。 ,千寻和爸爸妈妈一同驱车前往新家，在郊外的小路上不慎进入了神秘的隧道——他们去到了另外一个诡异世界—一个中世纪的小镇。远处飘来食物的香味，爸爸妈妈大快朵颐，孰料之后变成了猪！这时小镇上渐渐来了许多样子古怪、半透明的人。千寻仓皇逃出，一个叫小白的人救了他，喂了她阻止身体消失的药，并且告诉她怎样去找锅炉爷爷以及汤婆婆，而且必须获得一份工作才能不被魔法变成别的东西。千寻在小白的帮助下幸运地获得了一份在浴池打杂的工作。渐渐她不再被那些怪模怪样的人吓倒，并从小玲那儿知道了小白是凶恶的汤婆婆的弟子。一次，千寻发现小白被一群白色飞舞的纸人打伤，为了救受伤的小白，她用河神送给她的药丸驱出了小白身体内的封印以及守封印的小妖精，但小白还是没有醒过来。为了救小白，千寻又踏上了她的冒险之旅。
35,这个杀手不太冷,怪蜀黍和小萝莉不得不说的故事。,里昂（让·雷诺饰）是名孤独的职业杀手，受人雇佣。一天，邻居家小姑娘马蒂尔达（纳塔丽·波特曼饰)敲开他的房门，要求在他那里暂避杀身之祸。原来邻居家的主人是警方缉毒组的眼线，只因贪污了一小包毒品而遭恶警（加里·奥德曼饰）杀害全家的惩罚。马蒂尔达得到里昂的留救，幸免于难，并留在里昂那里。里昂教小女孩使枪，她教里昂法文，两人关系日趋亲密，相处融洽。女孩想着去报仇，反倒被抓，里昂及时赶到，将女孩救回。混杂着哀怨情仇的正邪之战渐次升级，更大的冲突在所难免……
36,辛德勒的名单,拯救一个人，就是拯救整个世界。,1939年，波兰在纳粹德国的统治下，党卫军对犹太人进行了隔离统治。德国商人奥斯卡·辛德勒（连姆·尼森LiamNeeson饰）来到德军统治下的克拉科夫，开设了一间搪瓷厂，生产军需用品。凭着出众的社交能力和大量的金钱，辛德勒和德军建立了良好的关系，他的工厂雇用犹太人工作，大发战争财。1943年，克拉科夫的犹太人遭到了惨绝人寰的大屠杀，辛德勒目睹这一切，受到了极大的震撼，他贿赂军官，让自己的工厂成为集中营的附属劳役营，在那些疯狂屠杀的日子里，他的工厂也成为了犹太人的避难所。1944年，德国战败前夕，屠杀犹太人的行动越发疯狂，辛德勒向德军军官开出了1200人的名单，倾家荡产买下了这些犹太人的生命。在那些暗无天日的岁月里，拯救一个人，就是拯救全世界。
37,美丽人生,最美的谎言。,犹太青年圭多（罗伯托·贝尼尼）邂逅美丽的女教师多拉（尼可莱塔·布拉斯基），他彬彬有礼的向多拉鞠躬：“早安！公主！”。历经诸多令人啼笑皆非的周折后，天遂人愿，两人幸福美满的生活在一起。然而好景不长，法西斯政权下，圭多和儿子被强行送往犹太人集中营。多拉虽没有犹太血统，毅然同行，与丈夫儿子分开关押在一个集中营里。聪明乐天的圭多哄骗儿子这只是一场游戏，奖品就是一辆大坦克，儿子快乐、天真的生活在纳粹的阴霾之中。尽管集中营的生活艰苦寂寞，圭多仍然带给他人很多快乐，他还趁机在纳粹的广播里问候妻子：“早安！公主！”法西斯政权即将倾覆，纳粹的集中营很快就要接受最后的清理，圭多编给儿子的游戏该怎么结束？他们一家能否平安的度过这黑暗的年代呢？
38,肖申克的救赎,希望让人自由。,一场谋杀案使银行家安迪（蒂姆•罗宾斯TimRobbins饰）蒙冤入狱，谋杀妻子及其情人的指控将囚禁他终生。在肖申克监狱的首次现身就让监狱“大哥”瑞德（摩根•弗里曼MorganFreeman饰）对他另眼相看。瑞德帮助他搞到一把石锤和一幅女明星海报，两人渐成患难之交。很快，安迪在监狱里大显其才，担当监狱图书管理员，并利用自己的金融知识帮助监狱官避税，引起了典狱长的注意，被招致麾下帮助典狱长洗黑钱。偶然一次，他得知一名新入狱的小偷能够作证帮他洗脱谋杀罪。燃起一丝希望的安迪找到了典狱长，希望他能帮自己翻案。阴险伪善的狱长假装答应安迪，背后却派人杀死小偷，让他唯一能合法出狱的希望泯灭。沮丧的安迪并没有绝望，在一个电闪雷鸣的风雨夜，一场暗藏几十年的越狱计划让他自我救赎，重获自由！老朋友瑞德在他的鼓舞和帮助下，也勇敢地奔向自由。本片获得1995年奥...
39,霸王别姬,风华绝代。,段小楼（张丰毅）与程蝶衣（张国荣）是一对打小一起长大的师兄弟，两人一个演生，一个饰旦，一向配合天衣无缝，尤其一出《霸王别姬》，更是誉满京城，为此，两人约定合演一辈子《霸王别姬》。但两人对戏剧与人生关系的理解有本质不同，段小楼深知戏非人生，程蝶衣则是人戏不分。段小楼在认为该成家立业之时迎娶了名妓菊仙（巩俐），致使程蝶衣认定菊仙是可耻的第三者，使段小楼做了叛徒，自此，三人围绕一出《霸王别姬》生出的爱恨情仇战开始随着时代风云的变迁不断升级，终酿成悲剧。
40,泰坦尼克号,失去的才是永恒的。 ,1912年4月10日，号称“世界工业史上的奇迹”的豪华客轮泰坦尼克号开始了自己的处女航，从英国的南安普顿出发驶往美国纽约。富家少女罗丝（凯特•温丝莱特）与母亲及未婚夫卡尔坐上了头等舱；另一边，放荡不羁的少年画家杰克（莱昂纳多·迪卡普里奥）也在码头的一场赌博中赢得了下等舱的船票。罗丝厌倦了上流社会虚伪的生活，不愿嫁给卡尔，打算投海自尽，被杰克救起。很快，美丽活泼的罗丝与英俊开朗的杰克相爱，杰克带罗丝参加下等舱的舞会、为她画像，二人的感情逐渐升温。1912年4月14日，星期天晚上，一个风平浪静的夜晚。泰坦尼克号撞上了冰山，“永不沉没的”泰坦尼克号面临沉船的命运，罗丝和杰克刚萌芽的爱情也将经历生死的考验。
41,阿甘正传,一部美国近现代史。,阿甘（汤姆·汉克斯饰）于二战结束后不久出生在美国南方阿拉巴马州一个闭塞的小镇，他先天弱智，智商只有75，然而他的妈妈是一个性格坚强的女性，她常常鼓励阿甘“傻人有傻福”，要他自强不息。阿甘像普通孩子一样上学，并且认识了一生的朋友和至爱珍妮（罗宾·莱特·潘饰），在珍妮和妈妈的爱护下，阿甘凭着上帝赐予的“飞毛腿”开始了一生不停的奔跑。阿甘成为橄榄球巨星、越战英雄、乒乓球外交使者、亿万富翁，但是，他始终忘不了珍妮，几次匆匆的相聚和离别，更是加深了阿甘的思念。有一天，阿甘收到珍妮的信，他们终于又要见面……
42,纵横四海,香港浪漫主义警匪动作片的巅峰之作。,砵仔糕（周润发饰）、阿占（张国荣饰）和红豆（锺楚红饰）均是孤儿，在养父（曾江饰）栽培下成为国际大盗。长大后成了帮他赚钱的艺术品大盗，而三人同时又认了警察（朱江饰）为干爹。法国巴黎博物馆内，名画《赫林之女仆》被人盗走。与此同时，阿海、阿占和红豆三人以敏捷身手盗得另一幅名画，在与法国大哥交易时得知名画《赫林之女仆》在妖气重重的古堡内，他们在曾江安排下成功地盗取此画之后，反被集团原凶曾江与法国大哥合谋设下陷阱，派人追杀灭口。阿海驾车与杀手快艇相撞……三人失散，数年后，他们在香港重聚，阿海“瘫痪”住在朱江家里，阿占和红豆已经结婚了。曾江又逼他们去偷画……
43,海街日记,是枝裕和的家庭习作。,临海古都镰仓，顺山而成的小镇，不起眼的角落里生活着香田家四姐妹。她们的父亲早年和情人离家出走，母亲则干脆将女儿们抛给了外婆照顾。外婆去世后，外孙女们继承了这栋有着悠久历史的大房子。过早担负起家庭重任的大姐香田幸（绫濑遥饰），尽心尽力照顾着两个妹妹佳乃（长泽雅美饰）、千佳（夏帆饰）健康成长。这一天，父亲去世的消息传到姐妹手中。她们结伴而行参加了父亲的葬礼，并且结识了从未谋面的异母妹妹浅野铃（广濑丝丝饰）。许是血缘中的亲近之感，幸在临行前邀请铃搬来镰仓同住。未过多久，抱着对姐姐们的憧憬，铃迈入了父亲曾经生活过的房子。四季流转，姐妹们的故事悄然上演……本片根据吉田秋生的同名漫画改编。
44,茶馆,,世纪之交，古老的中国正迎来前所未有的巨大变革。老态龙钟的大清王朝摇摇欲坠，六君子的鲜血无法阻止历史车轮的滚动，老北京城的上空风云变幻，波谲云诡。王利发（于是之饰），北京城内裕泰茶馆的年轻掌柜。他谨记父亲的教诲，体面周全地迎送四方宾客。小小的茶馆内，三教九流各色人等穿梭于此：提笼架鸟哀叹时运的松二爷（黄宗洛饰）；慨叹国之将亡的刚毅满人常四爷（郑榕饰）；一心谋求实业救国的秦仲义（蓝天野饰）；丧尽天良买卖人口的刘麻子（英若诚饰）；打算娶老婆的庞太监（童超饰）……你方唱罢我登场，小小茶馆之内演尽世间的沧桑与凄凉……本片根据老舍同名原著改编，并1983年第3届中国电影金鸡奖特别奖、文化部1982年优秀影片奖特别奖。
45,风之谷,动画片的圣经。,工业文明的高度发展，却最终带来灾难，一场为期7天的虫族毁灭战争摧毁了人类文明。一千年后，工业文明遗留下来的症结仍在困扰这个星球。带有强烈毒性的植物组成了令人望而却步的“腐海”森林，随着时间的推移，腐海有条不紊地向四周蔓延，蚕食周边世界。在一片腐海森林的旁边，居住着一群御风而行的人类。女主角娜乌茜卡和族人依靠海风的力量抵御着有毒孢子的侵蚀，过着平静祥和的生活。直到某一天，战火烧到了这里。西方强国特洛梅意欲重新建立人类霸权，他们计划统一周边诸国，然后向虫族发起总攻。另一方面，一千年前曾主导摧毁人类的上古怪兽“猛怪”重现人间。毁灭战争一触即发，人类的命运将会如何……本片根据宫崎骏同名漫画改编，并分获1985年罗马奇幻电影节和1985年电影旬报最佳影片奖、1985年每日电影大藤信郎奖。
46,英雄本色,英雄泪短，兄弟情长。 ,香港某个国际伪钞集团重要分子宋子豪（狄龙饰）和Mark（周润发饰）情同手足，某次宋子豪带手下谭成（李子雄饰）去台北交易时被其出卖受枪伤被捕入狱，为替好兄弟报仇，Mark孤身赴台，结果被人打成瘸子，江湖地位自此一落千丈，而宋子豪的父亲也在不久丧命。一向视宋子豪为偶像的宋子杰（张国荣饰）得知哥哥的真实身份后，对黑社会及他恨之入骨，立誓利用警察身份将黑帮势力斩草除根，宋子豪出狱后不顾苦等他想重创辉煌的Mark的劝阻，决心弃暗投明，无奈得不到宋子杰的谅解。而此时已成帮会老大的谭成欲找宋子豪再合作，遭拒绝后放言会害宋子杰，被逼走投无路，宋子豪决定再与Mark连手共抗强敌。
47,色，戒,假戏真情，爱欲深海,本是岭南大学学生的王佳芝（汤唯饰）因战争辗转到了香港读书，她在香港大学加入了爱国青年邝裕民（王力宏饰）组织的话剧组，他们主演的爱国话剧更激起了他们的爱国情操。当邝裕民得知汪伪政府的特务头子易先生（梁朝伟饰）正在香港的时候，他们便密谋要刺杀易先生。化名“麦太太”的王佳芝很快得到了易太太（陈冲饰）的信任与喜爱，同时美丽的“麦太太”也吸引了易先生的眼球，正当事情进行得如火如荼之际，易先生突然要回到上海去。此后王佳芝一直生活在上海，没想到重遇了邝裕民。当得知刺杀行动还没结束时，王佳芝再次成为了特务，再次以“麦太太”的身份出现在易先生的面前。重逢后的二人关系进一步发展，此时的易先生因爱上了王佳芝而对她毫无忌讳，王佳芝的内心也变得起伏不定。刺杀行动进行正顺利，但当易先生送给王佳芝璀璨钻戒表达爱意时，王佳芝做出了惊人的决定……
48,上帝之城,被上帝抛弃了的上帝之城。,巴西里约热内卢的贫民窟，这里是“上帝之城”，更是魔鬼也会叹息着转身的地方。阿炮（AlexandreRodrigues饰）带着我们到了这里，他见证了这里二十多年来被残暴、贪婪、复仇、野心、背叛、掠夺所裹挟的混乱生活以及最终导致的一场灾难性的黑帮争斗。虽然从小就要辗转于匪徒间求生存，但胆小怕事的性格与自我保护的本能却使他一直能平安度日。60年代初，阿毛、阿夹和阿呆是这里的“少年三侠”，在抢劫完旅馆之后，他们三人分道扬镳，阿夹重回上帝的怀抱，而阿呆和阿毛纷纷付出了生命的代价。70年，当年“少年三侠”手下的小弟小豆子（DouglasSilva饰）靠着自己的心狠手辣，不停地吞并别人的地盘，成为了贫民区的“小霸王”，生意也从抢劫升级到了更为暴利的毒品买卖，和他一起飞黄腾达的还有班尼（PhellipeHaagensen饰）。班尼认识了美丽的安...
49,卢旺达饭店,当这个世界闭上双眼，他却敞开了怀抱。,1994年卢旺达宣布独立后，胡图族与图西族两部族之间矛盾重重，多次发生冲突，战事持续不断。胡图族大肆屠杀图西族人，在这种背景下，卢旺达饭店经理保罗一直四面奔走，最终成功挽救了饭店里一千多名图西族和胡图族难民。
50,疯狂原始人,老少皆宜，这就是好莱坞动画的魅力。,原始人咕噜一家六口在老爸Grug（尼古拉斯·凯奇NicolasCage配音）的庇护下生活。每天抢夺鸵鸟蛋为食，躲避野兽的追击，每晚听老爸叙述同一个故事，在山洞里过着一成不变的生活。大女儿Eep（艾玛·斯通EmmaStone配音）是一个和老爸性格截然相反的充满好奇心的女孩，她不满足一辈子留在这个小山洞里，一心想要追逐山洞外面的新奇世界。没想到世界末日突然降临，山洞被毁，一家人被迫离开家园，展开一场全新的旅程。离开了居住了“一辈子”的山洞，展现在他们眼前的是一个崭新绚丽却又充满危险的新世界，到处都是食人的花草和叫不出名字的奇异鸟兽，一家人遇到了全所未有的危机。在旅途中，他们还遇到了游牧部落族人Guy（瑞恩·雷诺兹RyanReynolds配音），他有着超凡的创造力和革新思想，帮助咕噜一家躲过了重重困难，途中他还发明了很多“高科技”产品，...
51,心迷宫,荒诞讽刺，千奇百巧，抽丝剥茧，百转千回。,一个想要挣脱父权控制的青年，在一次争执中失手杀死了同村的痞子，被迫逃亡。他没有想过会用这样的方式逃离安逸的生活，离开之际却惊人的发现宿命早已将他和专制的父亲紧紧连接在一起，走或留他都将失去一切。一个饱受家庭暴力摧残的留守女人，在曾经恋人的怀抱里找到了慰藉。黑暗里绝望的女人与情夫密谋杀夫，可当莽夫的死讯真的传来时，情夫却避而不见矢口否认一切。当女人又一次陷入绝望，另一个男人出现在她的生活里，他给女人带来的不仅仅是关心……一个行为正直严格自律的老村长，精心设计着自己退休后的晚年生活。一生忠诚于信仰的他，却在本性面前轻易地低下了头；一个污点掉落在命运蓝图上，他竭力去擦掉污迹，却剥开了一个黑洞，深陷其中。
52,达拉斯买家俱乐部,Jared Leto的腿比女人还美！,1986年美国达拉斯市，恐同的德州电工罗恩·伍德鲁夫（马修·麦康纳MatthewMcConaughey饰）发现自己患上“同志病”——艾滋，生命只剩30天。他使用的AZT（叠氮胸苷）是当时美国药管局唯一批准面市的抗艾药物，但毒性极大。为了活下去，罗恩开始研究各种抗艾处方和替代疗法，甚至走私来自世界各地未经批准的药物。在医生萨克斯（詹妮弗·加纳JenniferGarner饰）和异装癖同性恋雷蒙（杰瑞德·莱托JaredLeto饰）的帮助下，罗恩开始成立了一个叫做“达拉斯买家俱乐部”的地下组织，为艾滋病人提供更多“非常规疗法”，很多患病的男同性恋亦求助于他。他的举动自然受到了药管局和药商的阻挠和施压。罗恩最终在1992年9月去世，离他被告知只剩30天可活已经过去了2557天。在这近7年时间里，他坚持不懈的与病魔、与药管局及制药商进行艰苦的...
53,谍影重重3,像吃了苏打饼一样干脆的电影。,失去了心爱的女人，波恩（马特•戴蒙饰）面临更为艰难的日子，他努力回忆，却只能在睡梦中被脑海里一知半解的闪回所惊醒，依然无法记起自己的身份。但是波恩注定不是平凡人，不等他冷静下来好好“寻找回”自己真正的身份，中情局派出的杀手又接踵而至。在接连的几次较量之后，杰森•伯恩终于被彻底激怒，决定反戈一击——他主动追击杀手，到过莫斯科、马德里。巴黎，也在伦敦和丹吉尔做过停留。随着问题一个一个解决，杰森回到了纽约，在那里，他将会找到一切的答案，寻回自己的身份。
54,惊魂记,故事的反转与反转，分裂电影的始祖。,年轻的马里恩·克兰（珍妮特·利饰）在Phoenix工作，深受老板洛厄里（沃恩·泰勒饰）信任。男友萨姆·卢米斯（约翰·加文饰）在Fairvale经营一家五金店，因要替亡父还债又要支付前妻赡养费而无力再婚，只能借出差的机会偶尔来与马里恩幽会。马里恩对此感到不满，于是在周五下午趁机携四万美元公款驾车潜逃。可是马里恩的潜逃之路并不顺利：先是在出城的时候被洛厄里目击，周六一大早又被警察怀疑。花了七百美元以旧车换新车之后，马里恩继续忐忑地行驶。入夜后，天降大雨，视线模糊，无法行驶，马里恩只得将车泊入路边的贝茨汽车旅馆投宿。老板诺尔曼（安东尼·珀金斯饰）十分友善，试图邀请马里恩到家里共进晚餐，可惜被凶恶的母亲粗暴阻止，只得将晚餐端至旅馆客厅。马里恩在客厅一边进餐一边与诺尔曼交谈，终于决定周日返回Phoenix。用餐完毕，马里恩回房沐浴。这时，一个老妇的身影...
55,你的名字。,穿越错位的时空，仰望陨落的星辰，你没留下你的名字，我却无法忘记那句“我爱你”。,在远离大都会的小山村，住着巫女世家出身的高中女孩宫水三叶（上白石萌音配音）。校园和家庭的原因本就让她充满烦恼，而近一段时间发生的奇怪事件，又让三叶摸不清头脑。不知从何时起，三叶在梦中就会变成一个住在东京的高中男孩。那里有陌生的同学和朋友，有亲切的前辈和繁华的街道，一切都是如此诱人而真实。另一方面，住在东京的高中男孩立花泷（神木隆之介配音）则总在梦里来到陌生的小山村，以女孩子的身份过着全新的生活。许是受那颗神秘彗星的影响，立花和三叶在梦中交换了身份。他们以他者的角度体验着对方的人生，这期间有愤怒、有欢笑也有暖心。只是两人并不知道，身份交换的背后隐藏着重大而锥心的秘密……本片为2016年度日本本土影片票房冠军。
56,九品芝麻官,,包龙星（周星驰饰）用钱买来了一个候补知县的职位，可是为人贪婪，县上的人都对他痛恨之极。在他代替正式知县的时候，戚家媳妇戚秦氏（张敏饰）遭到了常威(邹兆龙饰)的强暴，后来常威动了杀机把戚家上下都杀害了，更嫁祸于戚秦氏。常威是水师提督大人的儿子，请来大状方唐镜（吴启华饰），收买了所有证人以便洗脱罪名。包龙星虽然极力寻找证据，也被迫害至落难他乡。他决定要上京告御状，后来他因没钱不得不在妓院打工，向老板娘学习了一身斗嘴的好功夫。他在妓院里误打误撞认识了皇上，帮助皇上有功他被封了大官，重审戚家被害的案件。他凭着聪慧与口才，全力为戚秦氏讨回公道。
57,头脑特工队,愿我们都不用长大，每一座城堡都能永远存在。,可爱的小女孩莱莉（凯特林·迪亚斯KaitlynDias配音）出生在明尼苏达州一个平凡的家庭中，从小她在父母的呵护下长大，脑海中保存着无数美好甜蜜的回忆。当然这些记忆还与几个莱莉未曾谋面的伙伴息息相关，他们就是人类的五种主要情绪：乐乐（艾米·波勒AmyPoehler配音）、忧忧（菲利丝·史密斯PhyllisSmith配音）、怕怕（比尔·哈德尔BillHader配音）、厌厌（敏迪·卡灵MindyKaling配音）和怒怒（刘易斯·布莱克LewisBlack配音）。乐乐作为团队的领导，她协同其他伙伴致力于为小主人营造更多美好的珍贵回忆。某天，莱莉随同父母搬到了旧金山，肮脏逼仄的公寓、陌生的校园环境、逐渐失落的友情都让莱莉无所适从，她的负面情绪逐渐累积，内心美好的世界渐次崩塌。为了保护这一切，乐乐只有行动起来……
58,花样年华,偷情本没有这样美。,1960年代的香港，报馆编辑周慕云（梁朝伟饰）与太太搬进一间住户多是上海人的公寓，和某家日资公司的贸易代表陈先生与太太苏丽珍（张曼玉饰）成了邻居。因为发现各自在外工作的配偶背着他们有了婚外情，周慕云和苏丽珍开始见面商讨未来可能发生的事情以及相应对策。起初两人是君子之交淡如水就事谈事，可是日子一日接一日过去后，在周围一帮上海邻居的闲言碎语中，他们发现配偶的事早空出了他们的脑袋，彼此眼里只剩下了对方，而刻意回避已生出的感情的结果，是更加刻骨的相思。
59,黑客帝国3：矩阵革命,不得不说，《黑客帝国》系列是商业片与科幻、哲学完美结合的典范。,第二集中，尼奥（基努·里维斯KeanuReeves饰）没有能从内部摧毁“母体”，他的身体在真实世界的飞船上陷于昏迷，思想却被困在介于“母体”和真实世界的中间地带，这个地方由“火车人”控制。墨菲斯（劳伦斯·菲什伯恩LaurenceFishburne饰）和崔妮蒂（凯瑞-安·莫斯Carrie-AnneMoss饰）等人知道了尼奥的情况，在守护天使的带领下，找到了“火车人”的控制者梅罗纹奇，经过一番激斗，将尼奥救了出来。此时，电子乌贼部队对锡安发起了猛烈的攻击，人类组织所有机甲战士展开顽强的抵抗，形势危在旦夕；尼奥和崔妮蒂驾驶了一艘飞船克服重重困难，到达机器城市，尼奥终于见到了机器世界的统治者“机器大帝”，双方谈判并达成了协议：尼奥除掉不受“母体”控制的史密斯，以换取锡安的和平。在“母体”中，尼奥和史密斯展开了关系人类生死存亡的最后决斗...
60,三块广告牌,怼天怼地，你走后，她与世界为敌。,米尔德雷德（弗兰西斯·麦克多蒙德FrancesMcDormand饰）的女儿在外出时惨遭奸杀，米尔德雷德和丈夫查理（约翰·哈克斯JohnHawkes饰）之间的婚姻因此走到了尽头，如今，她同儿子罗比（卢卡斯·赫奇斯LucasHedges饰）过着相依为命的生活。一晃眼几个月过去了，案件仍然没有告破预兆，而警方似乎早已经将注意力从案子上转移了开来。被绝望和痛苦缠绕的米尔德雷德租下了高速公路边上的三块巨型广告牌，在上面控诉警方办案无能，并将矛头直接对准了警察局局长威洛比（伍迪·哈里森WoodyHarrelson饰）。实际上，威洛比一直隐瞒着自己身患绝症命不久矣的事实。因为这三块广告牌，米尔德雷德和威洛比的生活发生了翻天覆地的变化。
61,电锯惊魂,真相就在眼前。,一觉醒来的亚当（雷•沃纳尔LeighWhannell饰）发现自己被困在一个废弃的厕所里。他的对面是同样命运的劳伦斯（加利•艾尔维斯CaryElwes饰）——他们被人用铁链绑住了腿，并吃惊发现二人中间横亘着一个恐怖的死人。死人鲜血淋漓，左手拿录放机右手拿枪。亚当兜里被人放进来一盘磁带，他赶紧放到录放机里。磁带里说，劳伦斯必须在今晚6点前杀死亚当，否则二人将同归于尽，劳伦斯的家人也不能幸免。而面前死人流出来的血，剧毒无比。一个血腥的死亡游戏开始了。在剩下不多的时间里，他们必须找到线索，逃出地狱。在最后关头，当他们以为重见天日的时候，新一轮的噩梦才刚刚开始。
62,喜宴,中国家庭的喜怒哀乐忍。,伟同（赵文瑄）是事业有成的男同志，与男友赛门（MitchellLichtenstein）在美国过着幸福的同居日子，烦恼来自要用各种招数应对远在台北的父（郎雄）母（归亚蕾）的一次次逼婚。伟同被逼以“乖乖仔”形象修书一封声称会在美国结婚，没料父母想亲眼见证。无奈，他只得拉上来自上海的不得志的女艺术家葳葳（金素梅）“假婚”，想逃过一劫。父母对葳葳相当满意，却对伟同的草率态度不满，为让父母满意尽快返回台北，伟同犹如“拼命三郎”使出了浑身解数。但人算不如天算，不断的波折使得父母的返台日期一次次推迟，令他和赛门的感情亮起“红灯”，而葳葳又意外怀上了他的孩子。似乎，伟同在强大的父母（传统）面前，只能选择去做一个“表面正常”的男人。
63,模仿游戏,他给机器起名“克里斯托弗”，因为这是他初恋的名字。,二战期间，盟军苦于德国的秘密系统“英格玛”无法破译，政府召集了一批民间数学家、逻辑学家进行秘密破解工作，图灵（本尼迪克特·康伯巴奇BenedictCumberbatch饰）就是其中之一。计划刚开始图灵遭到了以休（马修·古迪MatthewGoode）为首的组员和领导的排斥，幸好军情处部长孟席斯（马克·斯特朗MarkStrong饰）帮助他立项研究破译密码的机器，而图灵则变成了负责人，招收了新的成员琼（凯拉·奈特莉KeiraKnightley）开始了艰难的工作。琼很快就迷上了图灵，由于她的帮助所有组员空前的团结，并于两年后成功破解德军的密码。图灵一度与琼订婚，但实际上他隐瞒了一个秘密，因为这个秘密他也遭受了非人的待遇……本片改编自安德鲁·霍奇斯编著的《艾伦·图灵传》，上映后获得了第87届奥斯卡最佳改编剧本奖。
64,血战钢锯岭,优秀的战争片不会美化战场，不会粉饰死亡，不会矮化敌人，不会无视常识，最重要的，不会宣扬战争。,1945年，第二次世界大战接近尾声，作为邪恶轴心重要成员的日本，其嚣张态势已成强弩之末。是年，决定战局走向的冲绳岛战役拉开序幕，成千上万斗志昂扬的美国大兵被派往冲绳，等待他们的则是敌军重兵防守、凶险异常的钢锯岭。在这群人中间，却有一个不愿拿起武器的军医。他名叫戴斯蒙德·道斯（安德鲁·加菲尔德AndrewGarfield饰），来自美国的弗吉尼亚。太平洋爆发之际，瘦弱的戴斯蒙德志愿成为救死扶伤的军医而应征入伍。可因童年和家庭的原因，他始终不愿拿起枪支操练，为此宁愿背上拒服兵役的罪名被送上军事法庭。几经周折，戴斯蒙德最终和战友来到了钢锯岭。枪林弹雨，转瞬之间无数人应声倒地。在信仰和信念的支持下，戴斯蒙德仅凭一己之力拯救了数十条濒死的生命……本片根据真人真事改编。
65,7号房的礼物,《我是山姆》的《美丽人生》。,1997年，只有6岁儿童智商的智障男子李龙久（柳成龙饰）和可爱的女儿艺胜（葛素媛饰）相依为命，生活虽然简单清贫，却充满幸福。某天，执着为女儿买美少女战士书包的龙久意外卷入一起幼童诱拐奸杀案，而死者竟是警察局长的女儿。龙久懵懂无知，搞不清状况，昏头昏脑就被投入监狱。在7号牢房中，聚集着走私犯蘇杨浩（吴达洙饰）、诈骗犯崔春浩（朴元尚饰）、通奸犯姜万范（金正泰饰）、恐吓犯老徐（金基灿饰）和抢劫犯申奉植（郑万植饰）等五毒俱全的“社会渣滓”。龙久孩子般纯洁的心渐渐感动了这几个“大坏蛋”，他们甚至不惜冒险将艺胜带入牢房与父亲相会。黑暗冰冷的监牢内，7号牢房阳光满满……
66,狩猎,人言可畏。,刚刚和妻子离婚的卢卡斯（麦斯·米科尔森MadsMikkelsen饰）目前在一家托儿所工作，心地善良个性温和的他很快就受到了同事和孩子们的喜爱，其中，一个名叫卡拉（安妮卡·韦德科普AnnikaWedderkopp饰）的早熟女孩对卢卡斯尤为的亲近。面对女孩幼稚而单纯的示好，卢卡斯只能婉转的拒绝，可令他没有想到的是，这一举动将他的生活推向了风口浪尖。卡拉报复性的谎言让卢卡斯背负起了性侵女童的罪名，一时间，这个好好先生成为了整个小镇排挤和压迫的对象。好友的愤怒，前妻的不信任，爱犬的死亡和陌生人的恶意让卢卡斯几近崩溃，而当小小的卡拉吐露真相之后，恶意却并没有随着卢卡斯的重获清白而划下句点。
67,被嫌弃的松子的一生,以戏谑来戏谑戏谑。,有一天父亲（香川照之饰）突然来找阿笙（瑛太饰），告诉他有个素未谋面的姑姑死了，叫他去收拾下姑姑的房子。在河边的破烂小屋里，阿笙渐渐开始了解父亲口中的姑姑，到底有着怎样的一生。小时候的姑姑川尻松子（中谷美纪饰）经常做着白雪公主似的美梦，她后来成为一名安分的中学教师，却因百口莫辩的误会被辞退了，之后和一作家同居，作家却因为太爱她而选择自杀，死前留下遗言：生而为人对不起。这件事对松子打击极大；之后与该作家的事业敌人同居直至，又忍受不住去找对方妻子的诱惑，结果惨遭抛弃；又是当上浴室女郎，甚至还杀人入狱，然而不管有意无意，她从不放弃生活的希望。不管生活再怎样破碎，她仍然本能地生存下去，这生存本身，足以打动任何人，包括阿笙。
68,红辣椒,梦的勾结。,近未来，为了治疗现代人类越来越多、越来越严重的精神疾病，位于东京的精神医疗综合研究所开发出一种可以反映他人梦境的机器。通过微型DC的帮助，梦境在显示器上呈现出来，更方便找到一个人焦虑的症结。某日，三台微型DC失窃，与之相关的研究人员的梦境接连被人侵入，随后受到严重伤害。美女医疗师千叶敦子另一个身份是梦境侦探“红辣椒”，她能够与患者同步体验梦境。为避免盗贼利用微型DC进一步作恶，她不得不潜入受害者的梦中寻找恐怖分子，一场充满奇幻和惊险的争斗旋即展开……本片入围2006年威尼斯电影节主竞赛单元，荣获2007年葡萄牙奇幻电影节影评人选择奖、2006年蒙特利尔电影节大众选择奖。
69,杀人回忆,关于连环杀人悬案的集体回忆。,1986年，韩国京畿道华城郡，热得发昏的夏天，在田野边发现一具女尸，早已发臭。小镇警察朴探员（宋康昊饰）和汉城来的苏探员（金相庆饰）接手案件，唯一可证实的是这具女尸生前被强奸过。线索的严重缺乏让毫无经验的朴探员和搭档曹探员（金罗河饰）只凭粗暴逼供和第六感推断，几次将犯罪嫌疑人屈打成招。而苏探员客观冷静，据理分析，几次排除嫌疑，警察内部为了证明与推翻矛盾不断，然而无辜女子还是接二连三被残忍杀害，他们只好达成共识一起合作。此时，一个极其符合作案特征的小青年（朴海日饰）成为最大嫌疑人，警方神经绷紧地锁定住他，同时DNA检测报告也被送往美国，然而案件并未在此处停止。
70,请以你的名字呼唤我,沉醉在电影的情感和视听氛围中无法自拔。,故事发生在八十年代的意大利里维埃拉，每年夏天，十七岁的少年艾力奥（提莫西·查拉梅TimothéeChalamet饰）都会跟家人一起来此地度假。今年，和他们共享假日时光的，还有来自美国的奥利弗（艾米·汉莫ArmieHammer饰），高大英俊热情开朗的奥利弗很快就获得了艾力奥一家人的喜爱。随着时间的推移，艾力奥和奥利弗之间渐渐产生了致命的吸引力，但性别和年龄的桎梏让他们迟迟无法跨出那关键的一步，与此同时，单纯善良的少女马奇娅（艾斯特·加莱尔EstherGarrel饰）也向艾力奥奉献着自己的感情和身体。最终，汹涌的激情冲破了艾力奥和奥利弗之间的防线，两人开始了一段注定不会有结果的恋情。
71,致命ID,最不可能的那个人永远是最可能的。,一个典型而又引人入胜的悬疑故事：一个汽车旅馆里，住进了10个人，他们中间有司机、妓女、过气女星、夫妇、警探和他的犯人，还有神秘的旅馆经理。这天风雨大作，通讯中断，10人被困在了旅馆里，惊悚的故事开始了。他们一个接一个的死去，并且按照顺序留下牌号。10个人存活下来的渐渐变少，他们开始恐慌，互相猜忌，却无意间发现了彼此间的联系。但是，大家怀疑的嫌疑人却纷纷死去，谜团笼罩在旅馆狭小的空间里，这样的凶杀案件却有着人们猜不到的真相……
72,加勒比海盗,约翰尼·德普的独角戏。,"故事发生在17世纪，传说中海盗最为活跃的加勒比海。风趣迷人的杰克·斯伯洛（约翰尼·德普JohnnyDepp饰），是活跃在加勒比海上的海盗，拥有属于自己的“黑珍珠”号海盗船。对他来说，最惬意的生活就是驾驶着“黑珍珠”号在加勒比海上游荡，自由自在的打劫过往船只。但不幸的是，他的仇敌，老谋深算的巴尔巴罗萨船长(杰弗里·拉什GeoffreyRush饰)偷走了他的“黑珍珠”号。巴伯萨是一个无恶不作的坏蛋，他抢劫了杰克的""黑珍珠号""后，更加猖狂，在加勒比海上横行霸道，一时成为整个加勒比海的霸主。一次，巴伯萨一伙袭击了罗亚尔港小镇，还绑架了总督的女儿伊莉莎白·斯万(凯拉·奈特莉KeiraKnightley饰)和伊莉莎白青梅竹马的铁匠学徒威尔·特纳（奥兰多·布鲁姆OrlandoBloom饰），想方设法救出了狱中的船长杰克，偷来英国皇家舰队最..."
73,七宗罪,警察抓小偷，老鼠玩死猫。,“暴食”、“贪婪”、“懒惰”、“嫉妒”、“骄傲”、“淫欲”、“愤怒”，这是天主教教义所指的人性七宗罪。城市中发生的连坏杀人案，死者恰好都是犯有这些教义的人。凶手故弄玄虚的作案手法，令资深冷静的警员沙摩塞（摩根•弗里曼MorganFreeman饰）和血气方刚的新扎警员米尔斯（布拉德•皮特BradPitt饰）都陷入了破案的谜团中。他们去图书馆研读但丁的《神曲》，企图从人间地狱的描绘中找到线索，最后从宗教文学哲学的世界中找到了凶手作案计划和手段的蛛丝马迹。凶手前来投案自首，这令众人都松了一口气，以为案件就此结束，怎料还是逃不出七宗罪的杀人逻辑，这次凶手瞄准的目标，是那个犯了“愤怒”罪的人……
74,超脱,穷尽一生，我们要学会的，不过是彼此拥抱。,亨利•巴赫特（艾德里安•布洛迪AdrienBrody饰）来到社区学校担任代课老师。学校因学生反叛、经营不善而濒临绝境，多丽丝（刘玉玲饰）为首的一批教师备受煎熬。亨利的第一堂课就遭遇了顽劣学生的挑衅，但是被他巧妙地化解。他赢得了女教师萨沙（克里斯蒂娜•亨德里克斯ChristinaHendricks）的好感。同时，他的教学方式引起了同学们的兴趣，其中就包括因肥胖而苦闷的梅丽迪斯。她一直默默地承受着因体重带来的各种责骂与嘲笑。但是因为老师，她似乎又找到了一切的理由……但是，亨利其实内心也有很大的压力，他的爷爷处于弥留之际，他的母亲自杀阴影始终在脑海中萦绕。某天夜里，他在公车上黯然神伤，独自流泪。这情形被一个刚受到嫖客凌辱的雏妓艾瑞卡（萨米•盖尔SamiGayle饰）看到了。她尾随他，希望获得他的帮助。他起初拒绝了她的要求，后来他还是把她...
75,喜剧之王,我是一个演员。,尹天仇（周星驰饰）一直醉心戏剧，想成为一名演员，平时除了做跑龙套以外，还会在街坊福利会里开设演员训练班。此时舞小姐柳飘飘在妈妈桑的带领下来到这里要求学做戏，原来柳飘飘有一段非常不愉快的经历，在尹天仇对她指导的过程中，柳飘飘对尹天仇渐生情愫，同时她也成为了夜总会里当红的小姐。尹天仇受到了极多白眼之后，终于得到了大明星鹃姐（莫文蔚饰）的赏识，提携他担演新戏中的男主角，但没想到突然把他的角色换掉了，令他失望不已。在片场当场务的卧底警员（吴孟达饰）身份被识穿，尹天仇阴差阳错的帮忙破了案。之后尹天仇继续活跃在街坊福利会的演员训练班里。
76,春光乍泄,爱情纠缠，男女一致。,黎耀辉（梁朝伟）与何宝荣（张国荣）是一对同性恋人，为了有新的开始，他们怀着美丽的梦想（去看南美洲大瀑布）离开香港来到阿根廷，却在布宜诺斯艾利斯迷了路。黎耀辉想安下心来过日子，无奈何宝荣于夜夜笙歌中放纵着自己的生命，以期找寻更多的刺激，只当黎耀辉是他受伤后的港湾，两人分歧、争吵越来越多，心的距离越来越远。黎耀辉明白过去的日子不可能再复返时，决定离开何宝荣，而正是在他离开后，绝望的意味（对黎耀辉的爱）才在何宝荣的脑海中完整地浮现。
77,摩登时代,大时代中的人生，小人物的悲喜。,二十年代的美国处于经济萧条时期，失业率居高不下，工人受尽压榨，成为了大机器生产中的一颗螺丝钉。查理（查理·卓别林CharlesChaplin饰）就是一个底层市民，他在一个机器隆隆的厂房里日以继夜地工作，以赚取微薄的收入。重复繁重的工作压得他喘不过气，他把人们的鼻子当成螺丝钉来拧，卷入流水线机器的皮带里，令人苦笑不得。查理尽管贫穷，但却很善良。他在路上搭救了流浪女，和她一起生活，家里破烂却又温馨。每次身无分文的查理为了找到吃的，都会故意犯事，以便进入监牢。光景一时间有了好转，流浪女成了歌舞红星，然而好景太短暂了。
78,哈利·波特与阿兹卡班的囚徒,不一样的导演，不一样的哈利·波特。,哈利（丹尼尔·雷德克里夫）即将在霍格沃兹渡过第三个年头，此时在阿兹塔班却传出恶棍小天狼星（加里·奥德曼）越狱的消息。据说小天狼星正是背叛哈利父母的好友，他的教父，而这次小天狼星越狱似乎正是为了找他。哈利的心里悄悄的滋生了为父母报仇的想法，期待着小天狼星的出现。新来的魔法老师卢平（大卫·休里斯）有着桀骜不驯的个性，与哈利关系很好，教了哈利许多实用的黑魔法防御知识。而此时在他的魔法地图上却出现了一个神秘人物，虫尾巴。偶然的机会下，在尖叫棚屋里集齐了哈利父亲当年的所有好友，卢平、虫尾巴、小天狼星，哈利的魔杖直指向小天狼星，但他发现那罪犯看他的眼神里充满了疼爱……
79,功夫,警恶惩奸，维护世界和平这个任务就交给你了，好吗？,1940年代的上海，自小受尽欺辱的街头混混阿星（周星驰）为了能出人头地，可谓窥见机会的缝隙就往里钻，今次他盯上行动日益猖獗的黑道势力“斧头帮”，想借之大名成就大业。阿星假冒“斧头帮”成员试图在一个叫“猪笼城寨”的地方对居民敲诈，不想引来真的“斧头帮”与“猪笼城寨”居民的恩怨。“猪笼城寨”原是藏龙卧虎之处，居民中有许多身怀绝技者（元华、梁小龙等），他们隐藏于此本是为远离江湖恩怨，不想麻烦自动上身，躲都躲不及。而在观战正邪两派的斗争中，阿星逐渐领悟功夫的真谛。
80,低俗小说,故事的高级讲法。,《低俗小说》由“文森特和马沙的妻子”、“金表”、“邦妮的处境”三个故事以及影片首尾的序幕和尾声五个部分组成。看似独立的小故事里面，却又有环环相扣的人和事。盗贼“小南瓜”和“小兔子”在早餐店里打劫，却遇上了天大的麻烦——黑社会成员朱尔斯（塞缪尔•杰克逊SamuelL.Jackson饰）和文森特（约翰•特拉沃尔塔JohnTravolta饰）在店内用餐，可谓天外有天。二人是否会放过两名小盗贼？而文森特是黑社会大哥马沙•华莱士（文•瑞姆斯VingRhames饰）的手下，马沙下命令让他陪妻子一个晚上，明知如有雷池必死无疑，但面对马沙妻子美艳诱惑，文森特该怎么办。文森特的故事还没完，拳击手布奇（布鲁斯•威利斯BruceWillis饰）的出现将令他的人生从此改变。布奇有一块祖传金表，就是因为这块金表，他和马沙分享了一个耻辱的秘密。故事环状结构，回...
81,海豚湾,海豚的微笑，是世界上最高明的伪装。,日本和歌山县太地，是一个景色优美的小渔村，然而这里却常年上演着惨无人道的一幕。每年，数以万计的海豚经过这片海域，他们的旅程却在太地戛然而止。渔民们将海豚驱赶到靠近岸边的一个地方，来自世界各地的海豚训练师挑选合适的对象，剩下的大批海豚则被渔民毫无理由地赶尽杀绝。这些屠杀，这些罪行，因为种种利益而被政府和相关组织所隐瞒。理查德•贝瑞（RichardO’Barry）年轻时曾是一名海豚训练师，他所参与拍摄电影《海豚的故事》备受欢迎。但是，一头海豚的死让理查德的心灵受到强烈的震撼。从此，他致力于拯救海豚的活动。不顾当地政府和村民百般阻挠，他和他的摄影团队想方设法潜入太地的海豚屠杀场，只为将罪行公之于众，拯救人类可爱的朋友……本片荣获2010年第82届奥斯卡金像奖最佳纪录长片奖。
82,美国往事,往事如烟，无处祭奠。,1933年，纽约流氓Noodles（罗伯特·德·尼罗饰）因向哈洛伦警司（布鲁斯·巴伦堡饰）通风报信害死了三名同伙而被追杀。逃亡之前，他打开了存放帮派基金的手提箱，里面却只有报纸。1968年，已改名换姓的Noodles收到一封犹太会堂通知迁葬亲友的信。Noodles联系拉比，得知信是八个月前寄出的，他的三名同伙已被迁葬至一所豪华公墓。Noodles回到纽约，找老友莫（拉里·拉普饰）了解情况，却一无所获。闲谈中，Noodles问起莫的妹妹黛博拉（伊丽莎白·麦戈文饰）的情况，得知其已成名角。原来，两人少时互有好感，但黛博拉（詹妮弗·康纳利饰）志向高远脚踏实地，理智地将街头混混Noodles（斯科特·提勒饰）拒于门外。Noodles在公墓发现了一把钥匙，并用钥匙打开了当年存放手提箱的储物柜。这一次，箱子里有满满的百元钞，还有写着“下一份工作...
83,蝴蝶效应,人的命运被自己瞬间的抉择改变。,伊万（艾什顿·库奇AshtonKutcher饰）曾经有一个糟糕的童年，因为他行为闯下了大祸，令他童年充满不堪回忆的往事。而事实上，他确实只是依稀记得一点可怕的情景，这些情景一直纠缠着他的正常生活。伊万接受心理学家建议，把琐碎生活记在记事本里，却偶然发现通过记事本回到过去。这时他才清楚记起，童年时候的自己做了那么多的错事。他幻想着用现在的意识，潜入童年的身体，去弥补种种过失给人们带来的伤害，尤其是希望与当年暗恋的凯西最终走回一起。然而他一次次的跨越时空的更改，只能越来越招致现实世界的不可救药。一切就像蝴蝶效应般，牵一发而动全身。
84,致命魔术,孪生蝙蝠侠大战克隆金刚狼。,19世纪末，人们对科学文明还不是认识得太过清楚，于是，安吉尔（休•杰克曼HughJackman饰）和伯登（克里斯蒂安•贝尔ChristianBale饰）的魔术，成为了伦敦城内的神奇人物。安吉尔出身贵族，魔术手段华丽丰富，是富人圈子里的表演常客。而伯登即使出身平平，争强好胜的心智和充满创造力的魔术技巧，却也令他有了名气。两人自小本是要好的伙伴，然而，现在魔术界二人各有领地，并且都有野心想成为音乐大厅里的顶级魔术师，一番明争暗斗如箭在弦上。伯登掌握了精彩的分身术，叫座又叫好。而安吉尔见情势不妙，搬来科学家助阵——他发明的交流电有无穷魔力，保证让观众目瞪口呆。二人出招接招，一来一往，争斗在剧烈升级，友谊和道德都被抛诸脑后，一场血案在悄悄酝酿。
85,心灵捕手,人生中应该拥有这样的一段豁然开朗。,麻省理工学院的数学教授蓝波在席上公布了一道困难的数学题，却被年轻的清洁工威尔（马特·戴蒙饰）解了出来。可是威尔却是个问题少年，成天和好朋友查克（本·阿弗莱特饰）等人四处闲逛，打架滋事。当蓝波找到这个天才的时候，他正因为打架袭警被法庭宣判送进看守所。蓝波向法官求情保释，才使他免于牢狱之灾。蓝波为了让威尔找到自己的人生目标，不浪费他的数学天赋，请了很多心理学专家为威尔做辅导，但是威尔十分抗拒，专家们都束手无策。无计可施之下，蓝波求助于他大学的好友，心理学教授尚恩（罗宾·威廉姆斯饰），希望能够帮助威尔打开心房。经过蓝波和尚恩的不懈努力，威尔渐渐敞开心胸，而好友查克的一席话，更是让他豁然开朗。
86,禁闭岛,昔日翩翩少年，今日大腹便便。,本片根据美国小说家丹尼斯·勒翰（DennisLehane）的同名小说改编。1954年，联邦警官泰迪（莱昂纳多·迪卡普里奥LeonardoDiCaprio饰）和搭档查克（马克·鲁弗洛MarkRuffalo饰）乘船来到波士顿附近的禁闭岛精神病犯监狱调查一桩离奇失踪案。手刃亲生骨肉的女犯蕾切尔（艾米莉·莫迪默EmilyMortimer饰）从戒备森严的牢室神秘逃脱，藏匿于孤岛深处。泰迪怀疑监狱的主治精神病医师约翰·考利（本·金斯利BenKingsley饰）有意隐瞒内情，并向查克透露他上岛的真实目的其实是寻找当年纵火烧死他妻子德洛丽丝（米歇尔·威廉姆斯MichelleWilliams饰）的管理员，并揭露美国政府利用精神病犯人进行人体科学实验的罪行。但随着调查的逐渐深入，真相却变得越来越扑朔迷离……
87,沉默的羔羊,安东尼·霍普金斯的顶级表演。,联调局学院学员ClariceM.Starling（乔迪·福斯特饰）受行为科学组的JackCrawford（斯科特·格伦饰）指派，前往州立巴尔的摩法医院访问被监禁的精神科医生HannibalLecter（安东尼·霍普金斯饰）。Lecter要求转到条件较好的联邦机构，远离常常折磨他的FrederickChilton医生（安东尼·希尔德饰），并愿意为此提供持续作案的连环杀手水牛比尔（泰德·莱文饰）的心理分析……
88,布达佩斯大饭店,小清新的故事里注入了大历史的情怀。,故事要从一位无名作家（裘德·洛JudeLaw饰）说起，为了专心创作，他来到了名为“布达佩斯”的饭店，在这里，作家遇见了饭店的主人穆斯塔法（F·莫里·亚伯拉罕F.MurrayAbraham饰），穆斯塔法邀请作家共进晚餐，席间，他向作家讲述了这座饱经风雨的大饭店的前世今生。饭店曾经的主人名叫古斯塔沃（拉尔夫·费因斯RalphFiennes饰），而年轻的穆斯塔法（托尼·雷沃罗利TonyRevolori饰）在当时不过是追随着他的一介小小门童。古斯塔沃为人正直，精明能干，在他的经营和组织之下，布达佩斯大饭店成为了当时首屈一指的度假胜地。古斯塔沃和年迈的D夫人（蒂尔达·斯文顿TildaSwinton饰）情投意合，D夫人去世后，在遗嘱中将一副价值连城的名画留给了古斯塔沃，这一举动惹恼了她的儿子迪米特里（阿德里安·布洛迪Adrie...
89,天空之城,对天空的追逐，永不停止。 ,古老帝国拉比达是一座漂浮在空中的巨大的机器岛，传说那里已经无人居住，蕴藏着巨大的财富。因此，无论军方还是海盗，都在找寻着这座传说中的飞行岛。矿工帕克这天偶遇拉比达继承人希达，两人一见如故。因为希达身上有找寻拉比达帝国的重要物件飞行石，军方和海盗两帮人马都在追杀希达。帕克带着希达一起逃亡，最终都没有逃出军方的手中，希达被军队掳走了。为救朋友，帕克只能选择与海盗合作。帕克与海盗成功救出了希达，同时，他们也发现了军方的邪恶计划。为了阻止军方邪恶计划的实施，他们和海盗一起踏上了寻找拉比达之旅。
90,海蒂和爷爷,如果生活中有什么使你感到快乐，那就去做吧！不要管别人说什么。,孤儿海蒂（阿努克·斯特芬饰）被姨母迪蒂（安娜·希恩斯饰）送上了阿尔卑斯山，与远离小镇独居于高山的祖父（布鲁诺·甘茨饰）一同生活。活泼的海蒂在这里如鱼得水，不仅收获了羊倌彼得（奎林·阿格里皮饰）的友情和孤僻祖父的亲情，还与山下彼得的家人打成一片。一天，海蒂同彼得在山上放羊，姨母突然出现，连哄带骗将海蒂卖到法兰克福的泽塞曼家。从此，目不识A的海蒂成为了小姐克拉拉（伊莎贝尔·奥特曼饰）的伴读。克拉拉幼年丧母，大病一场再不能站立，只能被困在豪宅中与轮椅相伴。父亲（马克西姆·梅米特饰）常年在外很少回家，寂寞的克拉拉把海蒂当成了救命稻草。海蒂能适应泽塞曼家的新生活吗？远在天边的祖父和彼得还能再见吗？克拉拉的腿还有好起来的希望吗？
91,钢琴家,音乐能化解仇恨。,史标曼（艾德里安•布洛迪AdrienBrody饰）是波兰一家电台的钢琴师。二战即将爆发之时，他们全家被迫被赶进华沙的犹太区。在战争的颠沛流离中，家人和亲戚最终被纳粹杀害，而史标曼本人也受尽种种羞辱和折磨，他侥幸得到一位朋友的帮助，暂时有了藏身之处。战争愈加猛烈，朋友不得不抛下他回老家寻得安全的住所养育儿女。此时史标曼恶病缠身，却还要在搜捕中逃亡。在废墟的阁楼上他遇见了一名德国军官，在军官的要求下他弹奏了钢琴曲。美妙的琴声令德国军官萌发了恻隐之心，他暗暗帮助史标曼直到苏军对波兰的解放到来……影片根据波兰钢琴家瓦拉迪斯罗•斯皮曼(WladyslawSzpilman)的自传体小说《死亡城市》改编。
92,指环王2：双塔奇兵,承前启后的史诗篇章。,第二部在延续第一部风格的同时，故事呈现出多线发展的格局，情节有了更高的观赏性。第一部结尾，博罗米尔被强兽人杀死之后，两个霍比特人皮平和梅利也被强兽人绑架，阿拉贡、精灵莱戈拉斯（奥兰多·布鲁姆饰）、侏儒金利一路追踪强兽人，营救皮平和梅利，遇到了“复活”的白袍巫师甘道夫（伊恩·麦克莱恩饰）。此时，投降索伦的白袍巫师萨鲁曼控制了人类洛汉王国的国王，并派出大量的强兽人军队，准备消灭人类。阿拉贡、莱戈拉斯和金利在甘道夫的带领下，帮助洛汉王国对抗邪恶力量的入侵。幸运的皮平和梅利被会说话的树精救了出来，并且遇到“复活”的甘道夫，在甘道夫的授意下，树精保护了两人的安全，并且带他们参加树精大会，大会上，树精们讨论对待中土大战的态度：是继续当中立者，逆来顺受，还是奋起反抗？身负重任的佛罗多（伊利亚·伍德饰）和山姆继续向末日山脉前进，一路上被咕噜跟踪，弗罗多...
93,闻香识女人,史上最美的探戈。,查理（克里斯•奥唐纳ChrisO'Donnell饰）是一个普通的中学生，他因为见证着一件恶作剧但又不想出卖朋友，于是面临着一道艰难的选择题——要么坦白，要么被学校勒退。而史法兰（阿尔•帕西诺AlPacino饰）是一个退伍军官，因为意外失明，人生从顶点的辉煌滑落谷底。自从两人的人生有了交集，命运的转折慢慢清晰。史法兰打算结束失去了意义的生活，于是在查理的陪伴下，尽情享受着人生最后一趟出行。他吃最美味的佳肴，买光鲜的汽车，在狭窄的街道上飚车，住在豪华的套房里，跟随陌生女子的袅袅香水味，跳一段优雅性感的探戈……极乐的疯狂后，他拿枪对准了自己的头颅。然而，查理声嘶力竭的劝阻改变了一切，曙光亦渐渐在这个老人心中重新升起，二人情深如父子。史法兰在学校礼堂激昂演说，挽救了查理的前途，讽刺了学校的伪善。二人在互相鼓舞中得到重生。
94,大话西游之月光宝盒,旷古烁今。,孙悟空（周星驰）护送唐三藏（罗家英）去西天取经路上，与牛魔王合谋欲杀害唐三藏，并偷走了月光宝盒，此举使观音萌生将其铲除心思，经唐三藏请求，孙悟空被判五百年后重新投胎做人赎其罪孽。五百年后孙悟空化身强盗头头至尊宝。当遇见预谋吃唐僧肉的妖怪姐妹蜘蛛精春三十娘（蓝洁瑛）和白骨精白晶晶（莫文蔚）时，因为五百年前孙悟空曾与白晶晶有过一段恋情，至尊宝与她一见钟情，但因菩提老祖将二人妖怪身份相告，至尊宝仍带领众强盗开始与二妖展开周旋，过程中，白晶晶为救至尊宝打伤春三十娘，自己也中毒受伤，为了救白晶晶，至尊宝去找春三十娘，遭白晶晶误会，绝望自杀，至尊宝开始用月光宝盒以期使时光倒流。
95,让子弹飞,你给我翻译翻译，神马叫做TMD的惊喜。,民国年间，花钱捐得县长的马邦德（葛优饰）携妻（刘嘉玲饰）及随从走马上任。途经南国某地，遭劫匪张麻子（姜文饰）一伙伏击，随从尽死，只夫妻二人侥幸活命。马为保命，谎称自己是县长的汤师爷。为汤师爷许下的财富所动，张麻子摇身一变化身县长，带着手下赶赴鹅城上任。有道是天高皇帝远，鹅城地处偏僻，一方霸主黄四郎（周润发饰）只手遮天，全然不将这个新来的县长放在眼里。张麻子痛打了黄的武教头（姜武饰），黄则设计害死张的义子小六（张默饰）。原本只想赚钱的马邦德，怎么也想不到竟会被卷入这场土匪和恶霸的角力之中。鹅城上空愁云密布，血雨腥风在所难免……本片根据马识途的小说《夜谭十记》中的《盗官记》一章改编。
96,猫鼠游戏,骗子大师和执著警探的你追我跑故事。 ,弗兰克（莱昂纳多·迪卡普里奥LeonardoDiCaprio饰）是FBI有史以来年龄最小的通缉犯。他的犯罪手段神通广大，伪装身份的能力超乎常人，全美各地几乎都留下他的犯罪足迹。乔装医生、律师、飞行员，统统都是他曾经的身份。当然，弗兰克凭着这个“本领”，骗取了高达几百万的金额。活得逍遥快乐的弗兰克这次又成功伪造了一份学历证明，去医院做起了大夫。弗兰克不但在这里认识了护士布雷达（艾米·亚当斯AmyAdams饰），二人擦出爱火花，还通过布雷达的父亲得到了一份检察官助理的优差。然而，这只是暴风雨前夕——一双眼睛已经盯住了弗兰克，誓要把他绳之于法不可。这就是FBI探员卡尔（汤姆·汉克斯TomHanks饰）。在研究追捕弗兰克的过程中，卡尔领教到这个犯罪天才的过人智商。他屡次被弗兰克这个黄毛小子捉弄，心里又恨又不得不佩服。每当弗兰克有惊无险地从他的...
97,哈尔的移动城堡,带着心爱的人在天空飞翔。,继母因无力负担生活，将苏菲和她的两个妹妹都送到了制帽店去当学徒。两个妹妹很快先后就离开了制帽店去追寻各自的梦想，只有苏菲坚持了下来。一天，小镇旁边来了一座移动堡垒，传说堡垒的主人哈尔专吸取年青姑娘的灵魂，所以小镇的姑娘都不敢靠近。一个恶毒的巫婆为了报复苏菲与哈尔见面，用巫术把她变成了一个80岁的老太婆，而且苏菲还不能对别人说出自己身中的巫术。无奈，苏菲决定独自一人逃离小镇。天黑了，虚弱的苏菲没走多远，来到了移动城堡。心想自己已经是老太婆了，苏菲壮着胆子走进了城堡。不想，遇到了和她遭遇相同的火焰魔。两人约定彼此帮助对方打破各自的咒语……
98,鬼子来了,对敌人的仁慈，就是对自己残忍。,第二次世界大战期间，中国河北挂甲台村的农民马大三（姜文饰）在日本人的统治下过着平静的生活。一个晚上，游击队绑架了日军陆军士兵花屋小三郎（香川照之饰）和翻译董汉臣，把他们捆绑塞入麻袋放在马大三家里，并吩咐马好好看管，几天后的大年三十来带人。马大三和村民战战兢兢地看守两人，花屋小三郎和董汉臣数次发出求救信号，皆被村民化解。半年过去了，村民们担心事情暴露，却又不敢把花屋等放了。马大三最终被董汉臣说动，把花屋和董送到了日军宪兵队驻地，以换取粮食。日军宪兵军官酒冢猪吉是花屋的同乡。他表面上对马等人客气，但背后指责花屋让皇军蒙耻并殴打了他。宪兵队整队去马的村子里和村民联欢送粮，酒到酣时却乍露杀机。
99,少年派的奇幻漂流,瑰丽壮观、无人能及的冒险之旅。,故事开始于蒙特娄，也结束于蒙特娄。一名在找寻灵感的作家（拉菲·斯波RafeSpall饰）无意间得知派·帕帖尔（伊尔凡·可汗IrrfanKhan饰）的传奇故事。派的父亲（阿迪勒·侯赛因AdilHussain饰）开了一家动物园。因这样特殊的生活环境，少年派（苏拉·沙玛SurajSharma饰）对信仰与人的本性自有一套看法。在派17岁那一年，他的父母决定举家移民加拿大以追求更好的生活，而他也必须离开他的初恋情人。在前往加拿大的船上，他们遇见一位残忍成性的法国厨师（杰拉尔·德帕迪约GérardDepardieu饰）。当天深夜在茫茫大海中，原本令派感到刺激无比的暴风雨一瞬间就成了吞噬货船的大灾难。派却奇迹般地活了下来，搭着救生船在太平洋上漂流，而且有一名最令人意想不到的同伴——理查德·帕克，一只孟加拉老虎。神奇的冒险旅程就这样意...
100,何以为家,凝视卑弱生命，用电影改变命运。,法庭上，十二岁的男孩赞恩向法官状告他的亲生父母，原因是，他们给了他生命。是什么样的经历让一个孩子做出如此不可思议的举动？故事中，赞恩的父母在无力抚养和教育的状况下依然不停生育，作为家中的长子赞恩，弱小的肩膀承担了无数生活的重压。当妹妹被强行卖给商贩为妻时，赞恩愤怒离家，之后遇到一对没有合法身份的母子，相互扶持勉强生活。然而生活并没有眷顾赞恩，重重磨难迫使他做出了令人震惊的举动……
101,飞屋环游记,最后那些最无聊的事情，才是最值得怀念的。 ,小男孩卡尔（CarlFredricksen）怀揣着对于冒险的热爱偶遇假小子艾丽（Ellie），而艾丽把整个屋子当成一艘大飞船游戏居然使他对这个女孩子有些着迷，相同的爱好最终使两个人成为了一生的爱侣。他们有一个梦想，那就是有朝一日要去南美洲的“仙境瀑布”探险，但直到艾丽去世，这个梦想也未能实现。终于有一天，曾经专卖气球的老人卡尔居然用五颜六色的气球拽着他的房子飞上了天空，他决定要去实现他们未曾实现的梦想。令卡尔始料不及的是，门廊居然搭上了一个自称是“荒野开拓者”的小男孩小罗（Russell），小罗的喋喋不休让卡尔对这个小胖墩格外讨厌。一老一少在飞行中经过了千难万险终于看到了传说中的“仙境瀑布”，在相处过程中卡尔发现小罗其实是个惹人怜爱的孩子。在步行穿越一座森林时，他们遇到了不会飞的大鸟凯文（Kevin）和一只会说话的狗狗逗逗（Dug），让老人惊讶...
102,十二怒汉,1957年的理想主义。 ,一个在贫民窟长大的18岁少年因为涉嫌杀害自己的父亲被告上法庭，证人言之凿凿，各方面的证据都对他极为不利。十二个不同职业的人组成了这个案件的陪审团，他们要在休息室达成一致的意见，裁定少年是否有罪，如果罪名成立，少年将会被判处死刑。十二个陪审团成员各有不同，除了8号陪审员（HenryFonda饰）之外，其他人对这个犯罪事实如此清晰的案子不屑一顾，还没有开始讨论就认定了少年有罪。8号陪审员提出了自己的“合理疑点”，耐心地说服其他的陪审员，在这个过程中，他们每个人不同的人生观也在冲突和较量……
103,我不是药神,对我们国家而言，这样的电影多一部是一部。,普通中年男子程勇（徐峥饰）经营着一家保健品店，失意又失婚。不速之客吕受益（王传君饰）的到来，让他开辟了一条去印度买药做“代购”的新事业，虽然困难重重，但他在这条“买药之路”上发现了商机，一发不可收拾地做起了治疗慢粒白血病的印度仿制药独家代理商。赚钱的同时，他也认识了几个病患及家属，为救女儿被迫做舞女的思慧（谭卓饰）、说一口流利“神父腔”英语的刘牧师（杨新鸣饰），以及脾气暴烈的“黄毛”（章宇饰），几个人合伙做起了生意，利润倍增的同时也危机四伏。程勇昔日的小舅子曹警官（周一围饰）奉命调查仿制药的源头，假药贩子张长林（王砚辉饰）和瑞士正牌医药代表（李乃文饰）也对其虎视眈眈，生意逐渐变成了一场关于救赎的拉锯战。本片改编自慢粒白血病患者陆勇代购抗癌药的真实事迹。
104,素媛,受过伤害的人总是笑得最开心，因为他们不愿意让身边的人承受一样的痛苦。,她（李来饰）是一个美丽平凡的小女孩，和爸爸妈妈生活在位于街角的家中。家里经营着以她的名字素媛命名的杂货店，母亲（严智媛饰）作为老板娘日夜忙碌不得闲暇，父亲则在工厂干着繁重的工作。在那个飘雨的早上，素媛打着雨伞独自上学。在离学校近在咫尺的地方，她遭遇一个相貌猥琐、酒气冲天的大叔，由此开启了她的悲剧之旅。柔嫩的小花遭到暴风雨无情摧残，受伤的岂止枝枝叶叶，更是那迎着阳光无忧成长的心。无良媒体铺天盖地大肆渲染，作为受害者的素媛一家仿佛成了周身污秽的耻辱之人，被四周诧异好奇的目光所包围。妈妈悲痛欲绝，几近崩溃。爸爸全力保护女儿，但受伤的小天使却拒绝爸爸的靠近。问凶之路伴随着天使的治愈旅程，美丽的女孩可会再露灿烂笑容？
105,摔跤吧！爸爸,你不是在为你一个人战斗，你要让千千万万的女性看到女生并不是只能相夫教子。,马哈维亚（阿米尔·汗AamirKhan饰）曾经是一名前途无量的摔跤运动员，在放弃了职业生涯后，他最大的遗憾就是没有能够替国家赢得金牌。马哈维亚将这份希望寄托在了尚未出生的儿子身上，哪知道妻子接连给他生了两个女儿，取名吉塔（法缇玛·萨那·纱卡FatimaSanaShaikh饰）和巴比塔（桑亚·玛荷塔SanyaMalhotra饰）。让马哈维亚没有想到的是，两个姑娘展现出了杰出的摔跤天赋，让他幡然醒悟，就算是女孩，也能够昂首挺胸的站在比赛场上，为了国家和她们自己赢得荣誉。就这样，在马哈维亚的指导下，吉塔和巴比塔开始了艰苦的训练，两人进步神速，很快就因为在比赛中连连获胜而成为了当地的名人。为了获得更多的机会，吉塔进入了国家体育学院学习，在那里，她将面对更大的诱惑和更多的选择。
106,乱世佳人,Tomorrow is another day.,美国南北战争前夕，南方农场塔拉庄园的千金斯嘉丽（费雯·丽VivienLeigh饰）爱上了另一个农场主的儿子艾希礼（莱斯利·霍华德LeslieHoward饰），遭到了拒绝，为了报复，她嫁给了自己不爱的男人，艾希礼妻子梅兰妮（奥利维娅·德哈维兰OliviadeHavilland饰）的弟弟查尔斯。战争期间，斯嘉丽成为寡妇，失去母亲，挑起生活的重担，不再是当初的千金小姐；战争结束后，她又两度为人妻，嫁给了爱她多年的投机商人瑞德（克拉克·盖博ClarkGable饰）。然而，纵使经历了生活的艰苦，斯嘉丽对艾希礼的感情仍然没有改变。艾希礼妻子梅兰妮的去世，给了斯嘉丽一个机会，一边是深爱自己的丈夫瑞德，一边是心心念念多年的艾希礼？斯嘉丽会给自己怎样一个不一样的明天？
107,哈利·波特与魔法石,童话世界的开端。,哈利波特是一个孤儿，从小寄养在姨妈家，受尽欺凌。但就在哈利11岁生日的时候，他意外收到了霍格沃茨学院的入学通知书。哈利从该学院派来接他的巨人海格口中得知，这是一间魔法学院，并得知了自己的身世，原来哈利的父母都是伟大的魔法师，在对付伏地魔的战斗中双双献身，唯有哈利幸免于难。哈利进入霍格沃茨后，表现出了超乎想象的飞行天赋，得到麦格教授的推荐进入了格兰芬多的魁地奇球队。另一方面，哈利发现霍格沃茨学院内有一股黑暗势力似乎在暗暗滋长，揭开谜团的关键就在有凶恶的三头犬守护的房间内。哈利、罗恩和赫敏三个好朋友决定探个究竟。
108,活着,张艺谋最好的电影。,根据余华同名小说改编。富少福贵（葛优）嗜赌成性，妻子家珍（巩俐）屡劝无果后带着女儿凤霞离开了他，当夜，福贵输光所有家产气死父亲，被迫靠变卖母亲首饰租间破屋过活。一年后，家珍手拉凤霞怀抱刚出世的儿子有庆回到家中，福贵痛改前非，开始靠演皮影戏过起安份守己的日子。但好景不常，内战时期，福贵被国民党抓去当劳工，一番辗转终回到家乡与一家人团圆后，凤霞因病变成哑巴，而在后来的大跃进运动和文化大革命中，他虽获某些小福，逆境却也一直与他如影相随。
109,末代皇帝,“不要跟我比惨，我比你更惨”再适合这部电影不过了。,溥仪（尊龙饰）的一生在电影中娓娓道来。他从三岁起登基，年幼的眼光中只有大臣身上的一只蝈蝈，江山在他心中只是一个不明所以的名词。长大了，他以为可以变革，却被太监一把火烧了朝廷账本。他以为自己是大清江山的主人，却做了日本人的傀儡。解放后，他坐上了从苏联回来的火车，身边是押送监视他的解放军。他猜测自己难逃一死，便躲在狭小的卫生间里，割脉自杀。然而他没有死在火车上，命运的嘲笑还在等着他。文革的风风雨雨，在他身上留下了斑斑伤痕。
110,蝙蝠侠：黑暗骑士,无尽的黑暗。,从亲眼目睹父母被人杀死的阴影中走出来的“蝙蝠侠”，经历了成长之后，已经不再是那个桀骜不的孤单英雄了。在警官吉姆·戈登和检查官哈维·登特的通力帮助下，“蝙蝠侠”无后顾之忧地继续满世界的奔波，与日益增长起来的犯罪威胁做着永无休止的争斗，而他所在的高谭市，也是进展最为明显的地方，犯罪率以一种惊人的速度持续下降着，毕竟对方是能够上天入地的“蝙蝠侠”，不借两个胆子谁还敢造次呢？不过像高谭这种科技与污秽并存的城市，平静是不可能维持太久的，果不其然，新一轮的混乱很快就席卷了整个城市，人们再一被被恐慌所笼罩着，而声称愿意为这一切负责的，自然就是所有混乱的源头以及支配者--“小丑”了。先不管“小丑”掀起一个又一个犯罪的狂潮的最终目的为何，他的企图都是邪恶的，所作所为更是早就危害到了高谭市民的正常生活……其中自然包括了“蝙蝠侠”身边几个非常重要的人，而他需要做的，就是...
111,指环王3：王者无敌,史诗的终章。,魔幻战争逐渐进入高潮阶段。霍比特人佛罗多（伊利亚·伍德ElijahWood饰）携带着魔戒，与伙伴山姆（西恩·奥斯汀SeanAstin饰）以及狡猾阴暗的咕噜等前往末日山，一路上艰难险阻不断，魔君索伦为阻止魔戒被销毁用尽全力阻挠。另一方面，白袍巫师甘道夫（伊恩·麦克莱恩IanMcKellen饰）率中土勇士们镇守刚铎首都——白城米那斯提里斯。魔兽大军压境，黑暗与光明的决战即将来临……本片是“指环王三部曲”的终结篇，根据英国作家J.R.R.托尔金（J.R.R.Tolkien）同名魔幻巨著《指环王》（TheLordoftheRings）改编，并荣获2004年第76届奥斯卡最佳影片、最佳导演、最佳改编剧本、最佳剪辑、最佳艺术指导、最佳服装设计、最佳化妆、最佳视觉效果、最佳音效、最佳配乐和最佳歌曲等11项大奖。
112,小森林 冬春篇,尊敬他人，尊敬你生活的这片土地，明白孤独是人生的常态。,于无法融入喧嚣吵闹的大城市，平凡女孩市子（桥本爱饰）选择回到自幼生长的老家——位于日本东北地区的小森村。这里没有过多时尚文明的色彩，当地人过着日出而作日落而息的传统生活，他们靠天吃饭，靠着双手经营人生。生活虽不富裕，心中则是满满的充实和欢喜。受妈妈（桐島かれん饰）影响，市子似乎对亲手制作各种美味而廉价的料理有着格外浓厚的兴趣。妈妈失踪已经很久，对料理的回忆与再现成为母女间别具特色的交流方式。更何况还有取自大自然的各种食材，又怎能暴殄天物浪费了大好的韶光？在好友纪子（松冈茉优饰）和裕太（三浦贵大饰）的陪伴下，市子静静地走过了春夏秋冬……本片根据漫画家五十岚大介的原作改编。
113,寻梦环游记,死亡不是真的逝去，遗忘才是永恒的消亡。,热爱音乐的米格尔（安东尼·冈萨雷兹AnthonyGonzalez配音）不幸地出生在一个视音乐为洪水猛兽的大家庭之中，一家人只盼着米格尔快快长大，好继承家里传承了数代的制鞋产业。一年一度的亡灵节即将来临，每逢这一天，去世的亲人们的魂魄便可凭借着摆在祭坛上的照片返回现世和生者团圆。在一场意外中，米格尔竟然穿越到了亡灵国度之中，在太阳升起之前，他必须得到一位亲人的祝福，否则就将会永远地留在这个世界里。米格尔决定去寻找已故的歌神德拉库斯（本杰明·布拉特BenjaminBratt配音），因为他很有可能就是自己的祖父。途中，米格尔邂逅了落魄乐手埃克托（盖尔·加西亚·贝纳尔GaelGarcíaBernal配音），也渐渐发现了德拉库斯隐藏已久的秘密。
114,借东西的小人阿莉埃蒂,曾经的那段美好会沉淀为一辈子的记忆。,虽然患有心脏方面的疾病，但是少年翔（神木隆之介配音）的父母依然对他疏于呵护。为了准备即将到来的手术，翔来到了位于偏远乡间的姨婆（竹下景子配音）家静养。姨婆家位于一片幽静的丛林中，这是一幢有着上百年历史的欧式别墅。这里除了生活着姨婆和女佣阿春（树木希林配音）外，还有一个奇特的三口之家，“借东西一族”——小人阿莉埃蒂（志田未来配音）和她的爸爸（三浦友和配音）妈妈（大竹忍配音），他们生活在别墅的地板下，只有几公分高，过着不为人类察觉的生活。遇到所需的日常用品时，便会在夜深人静之时偷偷潜入厨房借出来。翔无意中瞥见阿莉埃蒂的身影，他有心接近这些传说中的小人，却不知不觉打扰了他们的生活……本片根据英国作家玛丽·诺顿的原著《借东西的小人》改编，并荣获2011年日本电影学院奖最佳动画片奖。
115,消失的爱人,年度最佳date movie。,结婚五周年纪念日的早上，尼克·邓恩（本·阿弗莱克BenAffleck饰）来到妹妹玛戈（凯莉·库恩CarrieCoon饰）的酒吧，咒骂抱怨那个曾经彼此恩爱缠绵的妻子艾米（罗莎蒙德·派克RosamundPike饰）以及全然看不见希望的婚姻。当他返回家中时，却发现客厅留下了暴行的痕迹，而妻子竟不见了踪影。女探员朗达·邦妮（金·迪肯斯KimDickens饰）接到报案后赶来调查，而现场留下的种种蛛丝马迹似乎昭示着这并非是一件寻常的失踪案，其背后或许隐藏着裂变于夫妻之情的谋杀罪行。艾米的失踪通过媒体大肆渲染和妄加揣测很快闻名全国，品行不端的尼克被推上风口浪尖，至今不见踪影的爱人对他进行无情审判，你侬我侬的甜言蜜语早已化作以血洗血的复仇与折磨……本片根据吉莉安·弗琳（GillianFlynn）的同名小说改编。
116,完美的世界,坏人的好总是比好人的好来得更感人。,单亲孩子菲利普·佩里（T·J·劳瑟T.J.Lowther饰）的母亲对他管教甚严，8岁的小菲利普甚至从未参加过一次鬼节讨糖果的游戏。附近州监狱的两名罪犯越狱成功，劫持了菲利普作为人质，向德州边界逃窜。途中，罪犯之一的布奇（凯文·科斯特纳KevinCostner饰）干掉了鲁莽愚蠢的同伙，却对小菲利普照顾有加。与此同时，德州警探瑞德（克林特·伊斯特伍德ClintEastwood饰）带着手下和州长特派的犯罪专家萨利（劳拉·邓恩LauraDern饰）一同火速追捕布奇。双方在德克萨斯州境内展开了一场公路赛大竞技；而小菲利普也经历了很多从未想过过的刺激与快乐，并与布奇产生了一种近似父子的不寻常感情……
117,倩女幽魂,两张绝世的脸。 ,书生宁采臣（张国荣饰）收账不成，无处可归，遂夜宿鬼寺兰若寺，遇上侠士燕赤霞（午马饰），二人成为邻居。一日偶遇艳女小倩（王祖贤饰），二人两情相悦，但小倩乃是被树妖姥姥控制的鬼魂，专门迷惑精壮男子代姥姥吸取阳气。小倩见宁采臣心地善良不忍加害，并与他感情逐渐加深。宁采臣欲救小倩脱离姥姥魔掌，但苦于姥姥功力深厚，小倩无法脱离其魔掌。二人遂向燕赤霞求救......
118,甜蜜蜜,相逢只要一瞬间，等待却像是一辈子。,改革开放初期，黎小军（黎明饰）告别女友小婷（杨恭如饰）从天津（国语版中为无锡）来到香港讨生活，期望有天挣到大钱把小婷接来与之风风光光地成婚，没料想日子会比想象中的难熬许多。黎小军在快餐店与同样从大陆到港讨生活但避讳谈自己身份的李翘（张曼玉饰）结识后，因为共同喜爱邓丽君，两人人在异乡的孤独都有了某种程度的缓解，并在交往的过程中生出了真爱，可是世事难料，两人最终无奈分手，黎小军成了小婷的老公，李翘跟了在黑社会做事的豹哥（曾志伟饰）。然而因为邓丽君，两人的缘分并没到此为止。
119,无人知晓,我的平常生活就是他人的幸福。,新搬来的公寓这家人是母亲惠子（You饰）带着四个孩子：明（柳乐优弥饰）、京子、茂、雪。但母亲却得对周围的人们撒谎说丈夫去海外工作，自己与长子两个人在一起生活。事实是其它三名弟妹是“黑孩子”，因为四个孩子有着各自不同的父亲。他们一直呆在家中，没有去学校上学。在母亲去百货商店工作时，年纪尚小的明就在家中代替母亲行使家长的职责。突然有一天母亲不见了，她把手中仅有的20万日元现金和一张短短的便条留给了孩子们，把弟妹托付给明看管后，就悄然地离家出走。无亲无故，对外面几乎一无所知的四个孩子们，要开始面对新的生活，那实在不是件容易的事情……
120,菊次郎的夏天,从没见过那么流氓的温柔，从没见过那么温柔的流氓。,暑假到来，自幼丧父的小学三年级学生正男（关口雄介饰），如今和奶奶生活在一起，暑假特别无聊。他拿出母亲从外地寄回的信，准备自己一个人去爱知县丰桥市看望母亲。邻居阿姨（岸本加世子饰）发现后，决定帮正男完成心愿。她拿出一笔钱做为旅费，还安排游手好闲的老公菊次郎（北野武饰）陪伴正男一起踏上寻母之途。可是在第一天，菊次郎就把老婆给的钱全部输光，于是两个人只好步行前往爱知。一路搭顺风车，惹了不少麻烦后，菊次郎终于带着正男到了他母亲的家，但小男孩却十分沮丧。归途中，菊次郎努力安慰他，二人过得十分愉快，夏天就这么过去了。
121,幽灵公主,人与自然的战争史诗。,为了拯救危难中的村民，阿斯达卡的右手中了凶煞神的诅咒。达卡只好离开亲人往西方流浪以寻找解除诅咒的方法。旅途中他遇到了由幻姬大人带领的穷苦村民在麒麟兽的森林里开采铁矿，提炼矿石。白狼神莫娜和她养大的人类女孩“幽灵公主”桑对幻姬恨之入骨，因为她们觉得幻姬带领众人破坏了森林。想帮助人类的阿斯达卡被桑深深吸引，他理解她，但为了帮助穷人又不得不和她作战。一次战斗中，阿斯达卡被麒麟兽所救，他的立场更加摇摆不定。这时，以疙瘩和尚为首的一群人来杀麒麟兽，幻姬以火枪击毙了麒麟，麒麟的头被疙瘩和尚抢走。愤怒的麒麟的灵魂为夺回自己的头，大肆破坏着森林。阿斯达卡和桑联手决定帮麒麟夺回头颅。
122,小森林 夏秋篇,那些静得只能听见呼吸的日子里，你明白孤独即生活。,平凡女孩市子（桥本爱饰）自幼生长在位于日本东北地区的村庄小森。这里远离都市的喧嚣和浮躁，为青山绿水所环绕，俨然一个幽静怡然的世外桃源。村民们日出而作，日落而息，依靠一双勤劳的双手经营渺小却舒适的生活，与世无争。市子曾经前往东京闯荡，只不过她终究无法适应都市快节奏的步伐，最终回到了妈妈早已不在的老宅。童年时妈妈福子利用山川田野各种食材做出胡乱命名的美食，实心眼的市子在感叹受骗之余，也将美好的回忆留在了味蕾深处。仿佛遵循着母亲的步伐，她将对故乡的热爱融入了美食的烹制中。在朋友佑太（三浦贵大饰）和吉子（松冈茉优饰）的环绕下，享受着无忧无虑的人生……本片根据五十岚大介的漫画改编。
123,阳光灿烂的日子,一场华丽的意淫。,20世纪70年代初的北京，忙着“闹革命”大人无空理会小孩，加上学校停课无事可做，以军队大院男孩为突出代表的少年人便自找乐子，靠起哄、打架、闹事、拍婆子等方式挥霍过量的荷尔蒙。马小军（夏雨饰）就是这样的少年，他的嗜好之一是趁别人家无人用万能钥匙将其锁打开，溜进去耍玩一番，正是用这样的方式，少女米兰（宁静饰）的照片先于其人入了马小军的双眼。通过院里的“头儿”刘忆苦（耿乐饰），马小军又见到之前在炮局偶然瞥见过一眼的米兰，开始正式将其当作梦中情人，然而在米兰眼中，马小军不过是毛孩一个，她中意的人是成熟、稳重、帅气的刘忆苦。自此，马小军迎来五味混杂的青春期生活。本片改编自王朔短篇小说《动物凶猛》。夏雨凭此片获得第51届威尼斯国际电影节最佳男演员（银狮奖）。
124,超能陆战队,Balalala~~~,未来世界的超级都市旧京山（SanFransokyo），热爱发明创造的天才少年小宏，在哥哥泰迪的鼓励下参加了罗伯特·卡拉汉教授主持的理工学院机器人专业的入学大赛。他凭借神奇的微型磁力机器人赢得观众、参赛者以及考官的一致好评，谁知突如其来的灾难却将小宏的梦想和人生毁于一旦。大火烧毁了展示会场，而哥哥为了救出受困的卡拉汉教授命丧火场。身心饱受创伤的小宏闭门不出，哥哥生前留下的治疗型机器人大白则成为安慰他的唯一伙伴。原以为微型机器人也毁于火灾，谁知小宏和大白竟意外发现有人在某座废弃工厂内大批量地生产他的发明。稍后哥哥的朋友们弗雷德等人也加入进来，他们穿上小宏发明的超级战士战斗装备，和怀有险恶阴谋的神秘对手展开较量……
125,爱在日落黄昏时,九年后的重逢是世俗和责任的交叠，没了悸动和青涩，沧桑而温暖。,九年前，杰西（伊桑·霍克EthanHawke饰）与席琳（朱莉·德尔佩JulieDelpy饰）在火车上不期而遇，怦然心动。在维也纳渡过疯狂而又浪漫的一夜后，他们在日出前分手，并相约在维也纳重逢。九年之后，杰西已成为畅销书作家，而席琳则是法国环保组织成员。杰西在新书里娓娓道来的，正是九年前的浪漫夜晚。在巴黎促销新书时，杰西与席琳在书店相遇，然而他们只有一下午的时光相处，日落之前，杰西要乘飞机赶回美国。两人在午后的巴黎街头散步，在美丽的护城河上泛舟，无所不谈，兴致勃勃。可是就像命运的捉弄，快乐的时光像烟花一样醉人却短暂。杰西对席琳一送再送，难以忘情；席琳用吉他和歌声，怀念着内心深处的爱恋。太阳就快落下去了，杰西就要误了飞机，又或许他更不想错过的，是命里注定的缘分。
126,蝙蝠侠：黑暗骑士崛起,诺兰就是保证。,检察官哈维·登特（艾伦·艾克哈特AaronEckhart饰）死后的八年间，哥谭市在戈登警长（加里·奥德曼GaryOldman饰）的努力下有效地遏制了犯罪活动。而蝙蝠侠布鲁斯·韦恩（克里斯蒂安·贝尔ChristianBale饰）因为背负谋杀登特的罪名，被警方通缉，在哥谭市销声匿迹。然而，这看似平静的状态被恐怖分子贝恩（汤姆·哈迪TomHardy饰）的出现打破，他利用猫女（安妮·海瑟薇AnneHathaway饰）偷取布鲁斯的指纹，致使韦恩集团面临破财，布鲁斯被赶出董事会。为了保证韦恩集团投资的能源项目不被坏人利用制造核弹，布鲁斯帮助米兰达（玛丽昂·歌迪亚MarionCotillard饰）成为董事会主席。贝恩接下来一连串精密设计的计划将哥谭市陷入孤绝之境，毁灭之日指日可待。布鲁斯只能再次肩负起拯救哥谭的重任，然而至亲的...
127,入殓师,死可能是一道门，逝去并不是终结，而是超越，走向下一程。,买了昂贵的大提琴，想要成就一番事业的小林大悟（本木雅弘饰），经历了4个月的管弦乐演奏，得到的却是“乐团解散”的噩耗与购买乐器的高昂债务。迫不得已，大悟与妻子美香（广末凉子饰）搬到老屋，过着清贫的日子。某日，一则广告吸引了大悟的注意：NK代理公司，帮助旅行，高薪短工时。大悟来到NK代理公司面试，社长佐佐木生荣（山崎努饰）二话不说就决定聘用大悟，但却对工作内容避而不谈。在大悟的再三追问下，佐佐木社长终于道明：是入殓（日语NouKan）工作！虽然心理上有所忌惮，高额的薪水还是令大悟接受了这份工作。但这样的工作对普通人谈何容易，一方面对遗体的不适，一方面又要对妻友隐瞒自己的工作，小林大悟不平凡的工作就这样开始了。
128,断背山,每个人心中都有一座断背山。,美国怀俄明州的西部，沉默寡言的农夫恩尼斯（希斯•莱杰饰）和热情开朗的牛仔杰克（杰克•吉伦希尔饰)一道被派到山上牧羊，那里人迹罕至，他们只有与羊群为伴，生活单调无味。一个天寒地冻的夜晚，在酒精与荷尔蒙的作用下，他们做了“不该做的事情”，也就此他们在断背山上度过了人生中最美好的时光。季节性放牧结束，迫于世俗压力，杰克和恩尼斯不舍地与对方分离并各自结婚生子。恩尼斯迎娶了自幼相识的阿尔玛，并有了两个可爱的女儿；杰克到了德州，在妻子露琳家族的扶植下事业顺利，还有了个儿子。虽然彼此真心相应，他们只能每年定期约会。一边知情的阿尔玛痛苦无比，而他们又无法满足一年只有几天的团聚。这时意外发生……
129,第六感,深入内心的恐怖，出人意料的结局。,麦克（布鲁斯·威利斯饰）是著名儿童心理学家，却也有始终未能治愈的患者，甚至因此遭到枪击，这名少年随后也饮枪自毙。这给麦克带来很大心理阴影，一年后他找到另一个症状很像这名患者的男孩柯尔（海利·乔·奥斯蒙饰），并耐心的做起了他的医生。柯尔并不容易接近，但麦克还是慢慢赢得了他的信任，得知了柯尔的秘密。原来柯尔有着灵异的第六感，可以看到鬼魂。虽然这令人感到难以置信，但麦克在证实了事情的真相后还是帮助柯尔接受了这个事实。可是就在问题即将得到解决的时候，麦克却在柯尔的引导下，发现了一个更令人震惊的秘密……
130,勇敢的心,史诗大片的典范。,威廉•华莱士童年时，其父、苏格兰民族英雄马索•华莱士在与英军的斗争中牺牲，他开始接受父亲好友的指导，学习苏格兰文化和武术。青年华莱士（梅尔•吉布森）学成回到故乡，向美丽的少女梅伦求婚，不想梅伦被英军抢去且遭杀害。在广大村民“英雄之后”的呼声中，华莱士率众揭竿起义，并与苏格兰贵族罗伯结成联盟，但不久他发现，苏格兰贵族考虑的只是自身的利益。英王为缓和局势，派伊莎贝拉（苏菲•玛索）前去和华莱士谈判，由于英王只想收买华莱士，根本不顾苏格兰人民的自由和平等，谈判失败，但这一切并不为伊莎贝拉所知。伊莎贝拉归国后发现事情真相，且知晓英王正策划阴招，忙送信给华莱士，而两人的爱情，也在战争与阴谋中悄然滋生。
131,唐伯虎点秋香,华太师是黄霑，吴镇宇四大才子之一。,唐伯虎（周星驰饰）身为江南四大才子之首，却有道不尽的心酸。宁王想唐伯虎帮忙图谋作反，唐伯虎只好用内功改变脉象，令众人都相信他命不久矣。母亲埋怨他不应该把功夫暴露，因为他们家族一直被当年的仇人追杀。唐伯虎在与朋友出游时，遇到了貌若天仙的秋香并对她一见钟情，决心要到华府当家丁以追求秋香，唐伯虎被取名华安。期间华太师遇到了宁王上门刁难，幸好有唐伯虎出面相助，并暴露了自己是唐伯虎的身份。秋香才知道华安是自己欣赏的唐伯虎。华夫人跟唐家有怨，因此二人便开始斗法。怎料宁王跟夺命书生再次上门，华夫人不是对手，幸得唐伯虎出手，华夫人也答应把秋香许配给唐伯虎。
132,剪刀手爱德华,浪漫忧郁的成人童话。,爱德华（约翰尼•戴普饰）是一个机器人，他拥有人的心智，却有一双剪刀手，孤独地生活在古堡里，闯入古堡的化妆品推销员佩格把他带回家，让他走进了人类的世界。单纯的爱德华爱上了佩格的女儿金（薇诺娜•瑞德饰），金也慢慢的被爱德华的善良所吸引。但是，一连串的意外事情让周围的人邻居对爱德华的态度从喜欢变成无法接受，爱德华痛苦地发现，他总是好心办坏事，连自己的爱人都不能拥抱，或许，他注定就不属于这个世界。
133,一一,我们都曾经是一一。,NJ（吴念真）是个很有原则的生意人，同妻子敏敏（金燕玲）、女儿婷婷（李凯莉）、儿子洋洋（张杨洋）以及外婆住在台北某所普通公寓里。小舅子的一场麻烦婚礼过后，因为外婆突然中风昏迷，他迎来更加混乱的日子。敏敏公司、家里两头跑，时常感觉自己要被耗空；婷婷一直为外婆的中风内疚，恋爱谈到中途发现自己不过是替代品；NJ更是麻烦重重，公司面临破产，他又不愿放下别人眼里一文不值的自尊。一家人里，似乎只有洋洋没有烦恼，他平静地用照相机拍着各种人的背面，帮他们长出另一双眼睛，然而，洋洋简简单单的一句话，道出更深的悲凉。
134,房间,被偷走的岁月，被伤害的生命，被禁锢的灵魂，终将被希望和善意救赎。,女孩乔伊（布丽·拉尔森BrieLarson饰）被一个叫“老尼克”的男人拐骗，之后被他囚禁在其房子后院的棚屋里长达七年之久。在此期间她遭到强奸，并生下儿子杰克（雅各布·特伦布莱JacobTremblay饰）。靠着老尼克时不时的物资补给，母子二人艰难度日。尽管如此，母亲还是竭尽所能，为儿子杰克创造了一个安全而开心的成长空间。这个狭小逼仄的房间，成了杰克生活成长的神奇小天地。在杰克度过了他的五岁生日后，母亲决定告诉他真相，在这个小小的房间外面，有着更广阔的世界。他们开始策划逃跑计划，决心要逃出这个囚禁他们的房间……本片根据艾玛·唐纳修的同名小说改编。
135,血钻,每个美丽事物背后都是滴血的现实。,九十年代非洲塞拉利昂，连连战火使这片土地饱受摧残，非法钻石贸易日益猖獗。阿彻（莱昂纳多•迪卡普里奥饰）是一个地道的战争贩子，靠倒卖战区钻石为生，他在监狱中无意得知渔夫所罗门手里有极品粉钻。意识到这是自己离开非洲的机会，出狱后，他找到所罗门，准备和他一起找出钻石，离开非洲。所罗门是普通的渔民，因为内战和家人分离，被叛军强制开采钻石，他发现一颗极品粉钻，藏了起来；战乱来临，所罗门进了监狱，后被阿彻救出，并在战地记者麦迪•鲍文(珍妮弗•康纳利饰)的帮助下，找到了失散的家人，此时，他的儿子迪亚却被叛军带走，生死未卜。悲愤的所罗门答应和阿彻合作，在叛军的控制范围内寻找钻石，并寻找儿子。两个截然不同的人，因为一颗血钻将命运联系在了一起。
136,无耻混蛋,昆汀同学越来越变态了，比北野武还杜琪峰。,故事分五章进行。二战中德占法国，德军上校汉斯（克里斯托弗·瓦尔兹ChristophWaltz饰）号称“犹太猎人”，在一次屠犹行动中，少女苏珊娜（梅勒尼·劳伦特MélanieLaurent饰）侥幸逃脱。与此同时，八名美国犹太士兵在中尉奥尔多（布拉德·皮特饰）的带领下潜入德占法国刺杀德国军人，其行动神出鬼没，手法残忍，对德军造成相当威胁，被称为“杂种”。三年后苏珊娜来到巴黎继承了姑母的电影院，结识了德国战斗英雄，电影《国家荣耀》的主演弗里德里克（丹尼尔·布鲁赫DanielBrühl饰）。对苏珊娜一见钟情的弗里德里克说服德国宣传部长约瑟夫·戈培尔（西尔维斯特·格洛斯SylvesterGroth饰）在苏珊娜的影院首映《国家荣耀》，希特勒（马丁·乌特克MartinWuttke饰）本人也将出席。苏珊娜决定借放映之机烧毁影院；而在...
137,千钧一发,一部能引人思考的科幻励志片。,未来的世界，科技的力量胜过一切，基因决定命运，几乎成为金科玉律。不幸文森特（伊桑•霍克EthanHawke饰）是一个基因不良的人，出生以来就决定了他近视和心脏病的缺陷，他只能活到30岁。于是父母为文森特增添了一个有着优良基因的弟弟。文森特的梦想是漫游太空，然而恶劣的基因令他无法圆梦，直到他遇到了太空中心的杰罗姆（裘德•洛JudeLaw饰）。杰罗姆有优秀的基因，却在一次意外中半身瘫痪。二人决定调换身份，文森特千方百计隐藏自己的基因信息，每天都认真清洗掉自己的皮屑毛发，不暴露任何蛛丝马迹。另一方面，杰罗姆帮他筹备进入太空前需要检查的基因物品。事情进展得非常顺利，然而一桩谋杀案和一根睫毛，让事情节外生枝。
138,二十二,有一些东西不应该被遗忘。,在日本侵华战争的八年间，至少20万中国妇女被迫沦为日军的性奴隶，也就是我们经常提及的“慰安妇”。在影片2014年开拍之时，中国内地仅剩22位“慰安妇”幸存者。当光阴慢慢划过，时间抚平伤口，这些经历了常人无法想象的磨难的老人们，如今又身在何处，过着怎样的生活，经历着怎样的悲喜忧乐？
139,新龙门客栈,嬉笑怒骂，调风动月。,宦官专权的明朝中叶，东厂曹少钦（甄子丹）假造圣旨杀害了忠良杨宇轩，并想斩草除根杀死其后代。侠女邱莫言（林青霞）、江湖义士贺虎等人冒死救出忠良后代后，逃至边关沙漠里的龙门客栈，与杨宇轩部下周淮安（梁家辉）会合。龙门客栈实则黑店，老板娘金镶玉（张曼玉）利用乱世，以美貌和风骚作诱饵杀人越货聚敛钱财，但她却为英俊潇洒的周淮安动了真心。为了摸清潜藏于龙门客栈中的出关暗道，周淮安将计就计，答应与金镶玉成亲。洞房花烛夜，楼上的周淮安与金镶玉各怀心事暗中较劲，楼下的邱莫言、贺虎等人也与东厂一众“走狗”展开了明争暗斗，战事一触即发。
140,奇迹男孩,世界不完美，爱会有奇迹。,奥吉（雅各布·特瑞布雷JacobTremblay饰）是一个10岁的男孩，除了头戴一个巨大的太空头盔外，他和其他的同年龄孩子别无二致。头盔下隐藏了奥吉因为各种手术而伤痕累累的脸庞，它不仅完美的隐藏起了奥吉脆弱自卑的内心，也成功的防止了奥吉的模样吓到别的孩子。奥吉没有上过学，他的所有文化知识都是母亲伊莎贝尔（朱莉娅·罗伯茨JuliaRoberts饰）在家教授给他的。然而，伊莎贝尔渐渐感觉到，家庭课堂无法满足奥吉的成长需要，除了学习知识，奥吉还必须学会的，是如何同除了家人以外的人交流。在忧虑重重之中，伊莎贝尔将奥吉送入了一间公立学校里，在那里，奥吉面临的是他人生中必须要战胜的挑战。
141,终结者2：审判日,少见的超越首部的续集，动作片中的经典。,上一部中，超级电脑“天网”阻止人类抵抗领袖约翰·康纳诞生的行动失败，时隔13年后，在“审判日”到来之前，“天网”派出了更加先进的生化机器人T-1000（罗伯特·帕特里克饰）从公元2029年回到洛杉矶追杀已经长大的约翰，与此同时，约翰也派出了机器人T-800（阿诺·施瓦辛格饰）回去保护年幼的自己。此时，萨拉·康纳（琳达·汉密尔顿饰）因为怪异的言行而住进了精神疗养院，约翰则和养父母住在一起，行为叛逆。T-800找到他们，在逃避T-1000追杀过程中，获得了二人的信任。为了改变未来的历史，挽救人类的命运，萨拉、约翰和T-800Model101找到了“天网”之父，迈尔斯·戴森（乔·莫顿饰），说服他销毁一切有关“天网”的资料，此时，警察和T-1000同时赶来，他们陷入了多方争斗中。
142,爱在黎明破晓前,缘分是个连绵词，最美不过一瞬。,美国青年杰西（伊桑·霍克EthanHawke饰）在火车上偶遇了法国女学生塞琳娜（朱莉·德尔佩JulieDelpy饰），两人在火车上交谈甚欢。当火车到达维也纳时，杰西盛情邀请塞琳娜一起在维也纳游览一番，即使杰西翌日便要坐飞机离开。与杰西一见钟情的塞琳娜接受了杰西的邀请。他们一边游览城市，一边谈论着彼此的过去，彼此对生活的感想，两人了解越加深刻。他们非常珍惜这美妙的晚上，这对恋人一起经历了很多浪漫的经历因为他们约定在半年后再见，而此次约会将会在日出之间结束……
143,疯狂的麦克斯4：狂暴之路,“多么美好的一天！”轰轰轰砰咚，啪哒哒哒轰隆隆，磅~,未来世界，水资源短缺引发了连绵的战争。人们相互厮杀，争夺有限的资源，地球变成了血腥十足的杀戮死战场。面容恐怖的不死乔在戈壁山谷建立了难以撼动的强大武装王国，他手下的战郎驾驶装备尖端武器的战车四下抢掠，杀伐无度，甚至将自己的孩子打造成战争机器。在最近一次行动中，不死乔的得力战将弗瑞奥萨（查理兹·塞隆CharlizeTheron饰）带着生育者们叛逃，这令不死乔恼羞成怒，发誓要追回生育者。经历了激烈的追逐战和摧毁力极强的沙尘暴，弗瑞奥萨和作为血主的麦克斯（汤姆·哈迪TomHardy饰）被迫上路，而身后不仅有不死乔的追兵，还有汽油镇、子弹农场的重兵追逐。末世战争，全面爆发……
144,重庆森林,寂寞没有期限。,编号为223的警察（金城武）失恋后患上失恋综合症，在与金发女杀手（林青霞）擦肩而过又离奇相遇并有了一晚温情后，原本以为包括“爱情”在内的所有东西都有保质期的他意外地迎来心灵的短暂温暖。可是，他们的爱情还是结束了。快餐店新来的女招待阿菲（王菲）爱上了时常光顾快餐店的编号为663的警察（梁朝伟），因拆了他的女友（周嘉玲）留在快餐店给他的“分手”信，阿菲知晓了他的心情，偷拿到他的钥匙趁他不在时常潜入他家，一边梦游一边悄悄地改变他的生活，终在被他撞见时令其感受到情感的回归。然而，这才是他们爱情的开始。
145,青蛇,人生如此，浮生如斯。谁人言，花彼岸，此生情长意短。谁都是不懂爱的罢了。,南宋是一个人妖难分的时期，法海和尚（赵文卓饰）到处收服妖精，也扰乱了在西湖底修炼的白青二蛇。青（张曼玉饰）曾获白（王祖贤饰）相救，二者便以姐妹相称。姐妹俩受惑佯装成人生活在民间，白更嫁于老实书生许仙，青也同时看上了许仙，便常常以媚态勾引许仙，无奈许仙只深爱白一个。白开设了药店，以为可以自此过上安定的生活，可许仙却受不了青的百般挑逗，更发现了青白二蛇的真实身份，可他却不舍得离开家中的天姿国色。法海得知了青白二蛇的下落，更抓走了许仙。原来白为了爱情放弃修成正果，更怀有了身孕。为了救回丈夫，二蛇与法海展开了搏斗……
146,罗生门,人生的N种可能性。,罗生门，日本京都的正南门。云游和尚、砍柴人和乞丐在城门底下避雨，三人闲聊，话题开始，故事的序幕拉开：一个武士和他妻子路过荒山，遭遇了不测。妻子被侮辱，而武士惨遭杀害。惨案如何酿成？凶手、妻子、借武士亡魂来做证的女巫，都各有说法。真相只得一个，但是各人提供证词的目的却各有不同。为了美化自己的道德，减轻自己的罪恶，掩饰自己的过失，人人都开始叙述一个美化自己的故事版本。荒山上的惨案，成了一团拨不开看不清的迷雾。谈论完毕，雨过天晴。砍柴人在罗生门旁发现一个哭泣的弃婴。他决定收养下来，抱着婴孩往夕阳深处走去。
147,波西米亚狂想曲,,本片是对皇后乐队、传奇主唱弗雷迪·莫库里以及他们音乐的致敬盛宴，这是一段充满爱、痛苦、接纳和音乐的旅程。弗雷迪·莫库里（拉米·马雷克饰）曾是希思罗机场的一名普通搬运工，对音乐满腔热血的他，与布莱恩·梅（格威利姆·李饰）、罗杰·泰勒（本·哈迪饰）、约翰·迪肯（约瑟夫·梅泽罗饰）组成皇后乐队。这个殿堂级乐队的从无到有，从疏离到重聚，从低谷到巅峰，仿佛就是弗雷迪一生的缩影。在最后的日子里，弗雷迪做了生命中最重要的决定——在音乐史上最伟大的“拯救生命”大型摇滚乐演唱会上，将所有热血付诸于歌声。
148,人工智能,对爱的执着，可以超越一切。,21世纪中期，由于温室效应，南北极冰川融化，地球上很多城市被淹没。此时，人类科技已经高度发达，人工智能机器人就是人类发明出来用以应对恶劣自然环境的科技手段之一，而且，机器人制造技术已经高度发达，先进的机器人不但拥有可以乱真的人类外表，还能感知自身的存在。莫妮卡的儿子马丁重病住院，生命危在旦夕，为了缓解伤痛的心情，她领养了机器人小孩大卫（海利•乔•奥斯蒙特饰），大卫的生存使命就是爱她。马丁苏醒，恢复健康，回到了家里，一系列的事情使大卫“失宠”，最后被莫妮卡抛弃。在躲过机器屠宰场的残酷追杀后，大卫在机器情人乔（裘德•洛饰）的帮助下，开始寻找自己的生存价值：渴望变成真正的小孩，重新回到莫妮卡妈妈的身边。谁也不知道他能否完成自己的心愿，脱胎换骨成为真正的人，等待他们的只是凶吉难料的旅程……
149,萤火虫之墓,幸福是生生不息，却难以触及的远。 ,美日战争爆发，14岁的清太带着年幼的妹妹到处逃命，当他们到达防空洞的时候，母亲已身受重伤，没过多久便不久人世。两兄妹自此过着相依为命的日子。他们只好投靠了母亲的姐妹，纵使他们把家里所有的家当都送给了阿姨，但当食物吃完，他们就越感到了寄人篱下的感觉，清太决定带着妹妹离开独自生活。火灾硝烟中的生活并不好过，清太为了妹妹四处偷取食物，但妹妹还是严重营养不良……
150,虎口脱险,永远看不腻的喜剧。,二战期间，英国一架飞机在执行轰炸任务中，被德军击中，几名英国士兵被迫跳伞逃生。他们约好在土耳其浴室见面，并用这次行动的代号“鸳鸯茶”作为接头暗号。他们分别降落在法国巴黎德军占领区的不同地点。大胡子中队长雷金纳德被动物园管理员所救。而另外两名士兵，也分别在油漆匠奥古斯德（布尔维尔饰）和乐队指挥斯塔尼斯拉斯（路易·德·费内斯饰）的帮助下掩藏好了。即便德军展开了全城的搜索，油漆匠、指挥和中队长还是在浴室顺利地会面，几经辗转，英国士兵终于接上了头。几个原本并不认识的人，就这样结成了生死同盟，与敌人展开了斗智斗勇的生死游戏。同时，也闹出了不少温情的笑话。他们用微薄的力量对抗严酷德军，险相迭生，滑稽搞笑，为了逃出虎口，共同战斗。
151,初恋这件小事,黑小鸭速效美白记。,初中生小水相貌平平，家境一般，所以在学校里并不受重视。但是她心地善良，又有一群死党，日子过得倒也开心。某天，她遇见了帅气的学长阿亮（马里奥·毛瑞尔MarioMaurer饰），春心萌动，无法遏制。她喜欢看他踢足球，看他拍照，如痴如狂。上英语课时，她不停地给死党传纸条表达对阿亮的爱慕。然而，英语老师则指出她除了英语一无是处。回到家，叔叔从美国捎来了父亲的消息，说如果她能考全校第一，就可以去美国。于是，她按下决心要努力加油。某天，小水等人在买饮料时，碰到篮球队员蛮横插队。阿亮挺身而出，为她们教训了对方，并挨了校长的责骂。小水也第一次听说，阿亮的父亲因为射失点球而退役的事情，理解了他心中的隐痛。由于舞蹈队是给美女准备的，所以小水等一干姐妹准备在话剧社大展身手，没想到学长也来到这个社团。两人还扮演王子公主，他们的恋情会由此展开么？……
152,海边的曼彻斯特,我们都有权利不与自己的过去和解。,李（卡西·阿弗莱克CaseyAffleck饰）是一名颓废压抑的修理工，在得知哥哥乔伊（凯尔·钱德勒KyleChandler饰）去世的消息后，李回到了故乡——海边的曼彻斯特处理乔伊的后事。根据乔伊的遗嘱，李将会成为乔伊的儿子帕特里克（卢卡斯·赫奇斯LucasHedges饰）的监护人，李打算将帕特里克带回波士顿，但很显然帕特里克并不愿意离开家乡和朋友们，但李亦不愿在这片伤心地久留。原来，曼彻斯特埋藏着李的一段绝望的回忆，他的过失使得三个孩子葬身火海，妻子兰迪（米歇尔·威廉姆斯MichelleWilliams饰）亦因此而离开了他。此次重回故乡，李再度见到了已经再婚并且即将做妈妈的兰迪，与此同时，帕特里克那失踪已久的母亲艾丽斯（格瑞辰·摩尔GretchenMol饰）亦联系上了帕特里克，希望他能够成为她的新家庭中的一员。
153,心灵奇旅,,究竟是什么塑造了真正的你？电影将聚焦乔伊·高纳（杰米·福克斯配音）。这位中学音乐老师获得了梦寐以求的机会——在纽约最好的爵士俱乐部演奏。但一个小失误把他从纽约的街道带到了一个奇幻的地方“生之来处”（theGreatBefore）。在那里，灵魂们获得培训，在前往地球之前将获得他们的个性特点和兴趣。决心要回到地球生活的乔伊认识了一个早熟的灵魂“二十二”（蒂娜·菲配音），二十二一直找不到自己对于人类生活的兴趣。随着乔伊不断试图向二十二展示生命的精彩之处，他也将领悟一些人生终极问题的答案。
154,城市之光,永远的小人物，伟大的卓别林。,他是一个流浪汉（查理·卓别林CharlesChaplin饰），身无分文，遇上了双目失明的卖花女，却不忍袖手旁观。他想尽办法去凑够费用，供卖花女治病。一天，他搭救了一个富翁，富翁当晚和他称兄道弟，第二天却翻脸不认人。本来打算向他求助的主意行不通了。流浪汉去参加拳击比赛，以图获得奖金，却输得一败涂地。谁知这时重遇富翁，二人不计前嫌，富翁答应出钱资助卖花女。在交给流浪汉1000元后，富翁遭到偷袭，身上剩下的钱被强盗抢走。流浪汉奋不顾身去追赶，却因为误会被警察押回警局坐牢。另一方面，卖花女凭借流浪汉的资助重获光明，开了一家体面的花店。
155,恋恋笔记本,爱情没有那么多借口，如果不能圆满，只能说明爱的不够。 ,一个浸润着鲜红与纯白的爱情故事，写在一本洒满昏黄的笔记本上，被一位老先生(詹姆斯·加纳饰)，一遍一遍的讲述。老太太(吉娜·罗兰兹饰)总是静静的听着，好奇的追问结果。在一家疗养院，这样不变的场景每天都会上演。笔记本上，秀美的字迹，记载着发生在那个夏天的爱情。艾莉(瑞秋·麦克亚当斯饰)是富有人家的千金，她随家人来到小镇避暑。在一个充满梦幻的游乐场，邂逅了诺亚(瑞恩·高斯林饰)。诺亚没有钱，却活的很快乐。艾莉在他那学会了自由，得到了欢笑，两人很快热恋起来。然而在艾莉父母的阻挠下，相爱的两个人，就被分开在夏天结束的那一刻。随着诺亚的365封信被偷偷藏起，艾莉在7年后终于放弃了等待。就在她要步入教堂的前一天，突然在报纸上看到了诺亚曾许诺给自己建造的白色房子。一切记忆，全部苏醒……也许，应该苏醒的，不是故事中的，而是听故事的人。
156,雨人,生活在自己的世界里，也可以让周围的人显得可笑和渺小。,查理（汤姆·克鲁斯TomCruise饰）父亲去世，留下了300万美元的遗产。然而令他意外的是，遗产全部给了一个他不认识的哥哥雷蒙（达斯汀·霍夫曼DustinHoffman饰）。雷蒙的名字查理从没听过，这个事件让他气愤不已。他决定前去寻找哥哥。谁知雷蒙的住处就在一个精神病院里，原来他自幼患有自闭症，母亲去世后就被送到精神病院治疗。查理心中有了算计，他把雷蒙带出精神病院，企图骗他出让遗产。雷蒙的生活习惯奇异，活在自己的幻想世界里，有很多离奇古怪的行为。并且，查理在共处中发现了雷蒙惊人的记忆能力，他试着利用哥哥过目不忘的本领去赌场上试一下身手，赢得了一大笔奖金，使查理足以摆脱穷困生活。而令查理收获更大的是，他还获得了慢慢升温的亲情，这种手足情远远胜过了他原先图谋的300万的遗产。
157,东京教父,,圣诞夜，退役自行车选手Gin，性倒错者花，离家出走的少女美由纪三人在东京的雪夜中无所事事。这时，他们发现垃圾堆中有一位哭泣的弃婴。孩子的襁褓中仅有一个酒吧的名片与照片。婴儿的父母身份成了谜团。花想收留孩子，并将孩子取名清子。但另外2人表示反对。于是三人开始了寻找清子父母的旅程。圣诞夜幸福的气氛，伴随的却是怀中清子的哭泣。无家可归的三个人，开始为同样无家可归的清子找寻属于她的家。这一队流浪者，在一夜经历了诸多奇妙的事件。他们能找到清子的父母吗？
158,源代码,邓肯·琼斯继《月球》之后再度奉献出一部精彩绝伦的科幻佳作。,在阿富汗执行任务的美国空军飞行员科特史蒂文斯上尉（杰克·吉伦哈尔JakeGyllenhaal饰）突然惊醒，发现自己在一辆高速行驶的列车上，而他的身边坐着一个素不相识的女子克里斯蒂安（米歇尔·莫娜汉MichelleMonaghan饰）正在与自己讲话。科尔不知自己为什么会在这辆车上，而且他发现自己居然是以另一个人的身份存在，正当他迷惑不解的时候，列车上忽然发生爆炸……科特又一次惊醒，发现自己身处一个密闭的太空仓里，有一位女军官古德温（维拉·法米加VeraFarmiga饰）正在通过视频和自己对话，并要求自己报告列车上发生的事情。一头雾水的科特还没搞明白是怎么回事时，他又一次被送上那辆列车。这次之后，科特终于明白自己在执行一件任务，负责调察芝加哥火车爆炸案找到恐怖份子并查出他的下一个目标。科特被一次又一次的送上那辆高速列车，每次只有八分钟...
159,魔女宅急便,宫崎骏的电影总让人感觉世界是美好的，阳光明媚的。,琪琪今年13岁了，按照魔法界的规矩，魔法少女年满13岁就要出外进行为期一年的修行。所以琪琪带着宠物黑猫吉吉踏上了修行之旅。然而，修行之旅开始得并不顺利，当琪琪来到海边一座大城市时，人们并没有欢迎她的到来，人人都不搭理她。幸亏琪琪有一颗善良的心，当她拾到了一件别人的失物时，热心的琪琪找到了失主。她的善良赢得了面包店老板娘的好感，琪琪就在面包店开始了她用飞行魔法为客人服务的快递业务。琪琪很快适应了新环境，一次，一个热衷于飞机制造的男孩邀请琪琪去参加飞行俱乐部的聚会，途中琪琪因为帮一位老大娘送东西而被雨淋了。从此，琪琪突然发现自己的魔法正在一天天变弱。
160,遗愿清单,用剩余不多的时间，去燃烧整个生命。,老富翁爱德华•科尔（杰克•尼克尔森JackNicholson饰）近年来在公立医院的私有化改造事业中获利颇丰，他为节省成本，规定病房“一房两床”的做法颇受非议，但性格强势的科尔不以为意，岂料他不久被检查出罹患癌症，本欲入住单人病房的科尔在舆论压力下只得与另一位病人——老卡特（摩根•弗里曼MorganFreeman饰）同处一室。汽车修理技师老卡特博闻强识，将三个子女培养成才，但代价是牺牲了年轻时要做历史教授的梦想。曾经结婚多次如今却孤身一人的科尔逐渐对卡特产生了兴趣，两位老人在病房中结下了友谊。科尔偶然发现了卡特的“遗愿清单”，他决定运用自己的力量，让那些纸面上的疯狂构想一一实现，去发现人生的真正意义……
161,可可西里,坚硬的信仰。,尕玉（张磊饰）本来是个警察，为了调查藏羚羊猎杀状况，他假扮记者身份，随考察团来到可可西里——那里气候寒冷、空气稀薄，含氧量极低。就在这个人类生存的“禁区”，尕玉目睹了一幕幕人性的贪婪以及人类与环境的狂暴冲突。首先是藏羚羊保护站的巡山队员被盗猎人枪杀，接下来他们见到了悲惨的一幕：盗猎者逃走，只留下众多只剩嶙峋白骨的藏羚羊。巡山队员在恶劣的环境中追捕凶手，最终只夺回了一部份的藏羚羊皮毛。一方面要与恶劣的自然环境抗争、另一方面还要与凶残的盗猎者周旋，巡山队员和尕玉面临着生死考验。
162,牯岭街少年杀人事件,弱者送给弱者的一刀。,结识小明（杨静怡）前，小四（张震）是典型的乖仔，是父母的希望和兄妹的骄傲（一家人指望他考上名牌大学将来提升全家的社会地位），他有一个喜欢摇滚乐的自称“小猫王（王启赞）”的好友，两人虽会去树林看人幽会，但过的是与周围诸多在“小公园”混的少年人完全两样的生活。喜欢上小明后，小四便像跌进一个无底深渊，开始被外界的各种力量牵着鼻子走。新识仰慕对象honey（林鸿铭）意外身亡，一向敬重的父亲的自尊与精神因为某次事件严重受损，加上将一次次“欺骗玩弄”他感情的小明“看透”，血气方刚又有很强道德感的小四终于走上犯罪的道路，期望用自己的刀结束事件的根源。但小四不知的是，他眼中的根源只是这条食物链中微不足道的一环。
163,背靠背，脸对脸,,王双立（牛振华饰）是某地文化馆的代馆长，这个馆长一代就是好几年，想升也升不上去，却也没有其他变动。不料一天，来了新的文化馆长老马（雷恪生饰），这让王双立离正馆长的距离更远了。新馆长老马原是个副乡长，王双立认为他是个土包子，心里很是不以为然，利用自己对文化馆人际关系熟悉的优势，想方设法给老马出难题。经过几轮较量，老马终于被挤走，王双立又成了代馆长，再次受领导重用，岂料，螳螂捕蝉黄雀在后，秘书小阎（李强饰）成了新一任馆长。王双立不甘心，再次和小阎斗法，想将对方挤走，这次王双立还能如愿与偿吗？电影《背靠背，脸对脸》获得第二届大学生电影节最佳故事片和最佳男主角奖、东京国际电影节最佳男主角奖、第15届金鸡奖最佳导演和最佳合作片奖、第14届香港电影金像奖十大华语片。
164,你看起来好像很好吃,感情不分食草或者食肉。,哈特（山口胜平饰）是一只被草食性恐龙养大的霸王龙。其实，早在它破壳而出时，草食性恐龙的首领就曾命令哈特的母亲（原田知世饰）抛弃它，但母亲却最终还是偷偷把它养大。随着年龄的增长，每天只吃野果的哈特每天饥饿难耐，最终还是抵不住本能的驱使，开始了自己食肉的残暴生涯。然而，由于母亲的影响，在哈特的内心深处，始终涌动着一颗善良的心灵。一天，偶尔遇到一只破壳而出的食草恐龙宝宝，哈特阴差阳错的被恐龙宝宝误认为是“爸爸”，而且为小恐龙取名为“很美味”，自此开始了又一段奇异的恐龙父子情。然而，伴随着生存环境的恶化，恐龙们的生存遭受着前所未有的破坏，哈特和它的亲人最终能否经得起考验……本篇由日本知名漫画家宫西达也的同名漫画改编，本书曾获剑渊绘本乡绘本奖大奖。
165,无间道2,,1991年，香港黑帮龙头倪坤被杀，倪氏家族旗下五大头目中除韩琛（曾志伟）外，均伺机背叛发难，不料却被倪家不起眼的第二代倪永孝（吴镇宇）不费一兵一卒牵制，此举引来重案祖督察黄志诚（黄秋生）的戒心，使其派出警校学生陈永仁（余文乐）渗入倪家进行长期的卧底工作，而韩琛为了巩固势力，早在警察内部安插了线人刘建明（陈冠希）。三年后，事业蒸蒸日上的倪永孝为安枕无忧，决意将五大头目一举歼灭，却因疏忽让韩琛成为漏网之鱼。1997年，大难不死的韩琛重出江湖，为替死去的同事报仇，黄志诚找到他商议合作除掉倪永孝的事宜，不久却发现此举铸成大错，而各自为自己的尴尬身份苦恼的陈永仁和刘建明，则在无间道的路上越行越远。
166,黑天鹅,黑暗之美。,纽约剧团要重排《天鹅湖》，因前领舞Beth（薇诺娜•赖德WinonaRyder饰）离去，总监Thomas（文森特•卡索尔VincentCassel.饰）决定海选新领舞，且要求领舞要分饰黑天鹅与白天鹅。Nina（娜塔莉•波特曼NataliePortman饰）自幼练习芭蕾舞，在母亲的细心关照下，技艺出众。这次，她希望可以脱颖而出。然而，在竞争中，她发现心机颇重的Lily（米拉•库妮丝MilaKunis饰）是自己的强劲对手。在选拔中，她的白天鹅表演的无可挑剔，但是黑天鹅不及Lily。她感到身心俱疲，回家还发现了背部的红斑与脚伤。她一个人找到总监，希望争取一下。总监趁机亲吻她，却被她强硬拒绝。结果，总监居然选了她。队友怀疑她靠色相上位。在酒会上，Beth甚至当众发泄。这种压力外加伤病，一直影响着她的发挥。总监启发她要释放激情，表现出黑天...
167,恐怖游轮,不要企图在重复中寻找已经失去的爱。,单亲母亲杰西（梅利莎·乔治饰）和一帮朋友乘游艇出海游玩，但她总有一种有不好的事情发生的感觉。不久，他们便在海上遭遇一场强烈的风暴。游艇翻船，众人落海，几经挣扎他们好不容易爬到游艇残骸上来。正当他们无计可施之时，一艘巨大的游轮向众人缓缓驶来。众人欣喜过望，未加思索便登上这艘名为“艾俄洛斯”的游轮，结果发现这竟是一艘1930年便告失踪的神秘之船，而船上更是空无一人。随处可见的鲜血、神秘的指示以及突如其来的凶杀事件，将这群男女带入万劫不复的恐怖轮回之中……
168,小丑,,湿冷无望的哥谭市，卑微的亚瑟·弗兰克（华金·菲尼克斯JoaquinPhoenix饰）依靠扮演小丑赚取营生。与之相依为命的母亲患有精神疾病，而亚瑟深记母亲的教诲，无论遭受怎样的挫折都笑对人生，却因此让自己背负着莫大的压力，濒临崩溃。他梦想成为一名脱口秀演员，怎奈生活一次次将失望狠狠地砸在他的头上。不仅如此，他因意外丢掉了工作，偶然瞥见母亲的秘密，又使他心中燃起对那个与之地位悬殊却从未谋面的父亲的殷切渴望。命运习惯了事与愿违，空荡荡的地铁内，悲伤的小丑在无法自已的癫狂笑声中大开杀戒……本片荣获第76届威尼斯电影节金狮奖。
169,冰川时代,松鼠才是角儿。,冰河时期降至，动物们都急着迁徙到温暖的地方及储存食物。长毛象曼弗瑞德、树獭希德、剑齿虎迪亚戈为了帮助一个人类的婴儿回到父母身边，因而也掉了动物们迁徙的队伍。三只性格各异的动物，觉得集合力量帮助婴儿。一路上，善良的曼弗瑞德总觉得迪亚戈心怀鬼胎，想吃掉婴儿，互相猜疑。他们一起经历了无数艰难险阻，终于能够真诚相对。当剑齿虎迪亚戈的同伴知道它身边正有一个婴儿，饥寒交迫的它们就想迪亚戈把婴儿交给它们当食物，迪亚戈已对可爱的小婴儿产生了感情，无法下手，而迪亚戈该如何选择呢？小婴儿又能否安全回到家中？
170,东邪西毒,电影诗。,在恋人（张曼玉）负气嫁给兄长的当晚，欧阳锋（张国荣）黯然离开白陀山，走进沙漠某个小镇，成为一名杀手中介人。他的朋友、风流剑客黄药师（梁家辉）每年都来小镇与他畅饮，酒话里有关白陀山的消息令他忘却往事的念想渐次演变成自欺行为。黄药师只是表面风流。他迷恋好友“盲武士”（梁朝伟）的妻子桃花（刘嘉玲），后者在丈夫死后，永远地离开了他；而对迷恋他的女人慕容嫣（林青霞），他又不愿兑现曾经随口说出的承诺，这使得慕容嫣迷失于自己的身份中。与欧阳锋构成短暂“买凶杀人”关系的洪七（张学友）、村姑（杨采妮）等人，也都有一段只有他们自己才知、不愿回首的痛苦过往。
171,真爱至上,爱，是个动词。,这是一出10个爱情故事串成的喜剧杂烩：失去母亲的小男孩终日郁郁寡欢，继父不知该如何安慰。当他得知继子喜欢上学校里最美的女孩，便热烈地鼓励儿子去追。小男孩为了赢得小女孩的关注，废寝忘食地练习架子鼓，只为了在圣诞节的晚会上能与她同台演出。勇敢的他，甚至为了最后的一记道别潇洒地突破机场的安检区。两个孩子的母亲面对了婚姻危机。丈夫感情出轨，把项链送给了别的女人，给她的，则仅是一张她热爱的女歌手的CD。她找了借口仓皇躲入卧室，在歌声中隐忍啜泣。转个身，又夸张地大笑着，迎向娇女爱子欢喜的面容。丈夫最终幡然醒悟。……如此的小故事共有十出，温暖你我的心。
172,雨中曲,骨灰级歌舞片。,1927年，由唐·洛克伍德（吉恩·凯利饰）和丽娜·雷蒙德（简·哈根饰）主演的《皇家流氓》在好莱坞首映。由于丽娜刺耳的嗓音无法匹配其夺目的外貌，为了维护明星形象，宣传部只得安排唐一人讲话。首映后，由于钢琴师科斯莫·布朗（唐纳德·奥康纳饰）的汽车爆胎，为了躲避疯狂的影迷，唐意外结识了能歌善舞的凯西·塞尔登（黛比·雷诺斯饰），并被其深深吸引。数周后，首部有声电影《爵士歌手》爆红，唐与丽娜的新片《决斗骑士》不得不临时改变拍摄方式，而凯西也成为歌舞片演员。因预映口碑极差，科斯莫提议将《决斗骑士》改为歌舞片，由凯西为丽娜配音，凯西积极附议。与凯西吻别后，唐心花怒放，在雨中载歌载舞。科斯莫的计划能否奏效？幕后的凯西能否走到台前接受观众的掌声？
173,贫民窟的百万富翁,上帝之城+猜火车+阿甘正传+开心辞典=山寨富翁,2006年，印度孟买。印度青年杰玛•马利克（戴夫•帕特尔饰）还差一个问题就能赢得2千万卢比。他是怎么做到的？A：他作弊；B：他幸运；C：他是天才；D：一切命中注定。这是《谁想成为百万富翁》电视猜谜节目的人生版。杰玛•马利克在已经赢得1千万卢比的情况下被警方以欺诈罪逮捕，严刑拷问下杰玛说出他获得1千万卢比的真相——他确实知道答案，但他只知道这些！出身贫民窟的杰玛年幼就生活艰苦，他与哥哥沙里姆、少女拉媞卡(芙蕾达•平托饰)三人却一起经历了几十年印度的变迁。之前每一个问题，都好像是杰玛的记忆碎片，牵动他关于亲情、爱情与人生的回忆。而现在，杰玛一方面要洗清自己的犯罪嫌疑，一方面要拯救与拉媞卡的爱。在金钱与爱之前，杰玛能够沉着冷静，选择出正确的答案吗？
174,无敌破坏王,迪士尼和皮克斯拿错剧本的产物。,无敌破坏王（约翰·C·赖利JohnC.Reilly配音）生活在一个80年代出品的低精度游戏中。他的设定身份是一个反派，每天的生活就是在游戏《快手阿修》中大搞破坏，其后由玩家操作的英雄人物快手阿修（杰克·麦克布瑞尔JackMcBrayer配音）会及时赶到进行修补，赢得奖牌，包揽一切荣耀。身为反派，破坏王厌倦了自己的生活，眼看阿修被胜利者的光环围绕，自己却日复一日在无趣中过活，他终于决定改变。单纯的他以为只要自己也能得到一枚奖牌，就可以摆脱反派的身份，于是某日在游戏厅歇业后，破坏王偷偷离开了自己的游戏，前去闯荡其他电子游戏的世界。在途中，破坏王结识了来自《英雄使命》的冷酷队长（简·林奇JaneLynch配音）和来自90年代糖果赛车游戏《甜蜜冲刺》的小女孩云妮（萨拉·丝沃曼SarahSilverman配音）。后者梦想着能上场比...
175,爆裂鼓手,这个世界从不善待努力的人，努力了也不一定会成功，但是知道自己在努力，就是活下去的动力。,19岁少年安德鲁（迈尔斯·特勒MilesTeller饰）成长在单亲家庭，一心想成为顶级爵士乐鼓手。某晚他在学校练习时被魔鬼导师弗莱彻（J·K·西蒙斯J.K.Simmons饰）相中，进入正规乐队，同时也开始为追求完美付出代价。安德鲁越是刻苦练习，与外部世界越是隔膜。唯一理解他的是弗莱彻，但后者的暴躁与喜怒无常扭曲了这段师生关系，更让安德鲁耳濡目染，连带自身的性格亦发生变化。最后当安德鲁终于登上纽约音乐厅的舞台，他才惊恐的发现原来弗莱彻一直等着将他打入尘埃......《爆裂鼓手》讲述一名少年在严师督教下，以非常规手段挑战自己的极限、追逐爵士乐鼓手梦的热血故事。主人公热爱打鼓，但过度的投入让他失去对音乐的初衷，进而演变为生命的负荷以及师徒间近乎疯魔的对决。电影不只有音乐人的苦痛，更让人看到传统励志背后的残酷真相。《爆裂鼓手》获得第30届圣丹...
176,荒蛮故事,始于荒诞，止于更荒诞。,《荒蛮故事》是一部黑色喜剧，由6个独立的暴力复仇小故事构成。影片是一次对于人类失控行径的颠覆性创作，从怪异的幽默感，独特的画面和大胆的配乐，到对于身处绝境的普通人这一题材的偏爱，都可以清晰地看到南美鬼才导演达米安·斯兹弗隆与阿莫多瓦在创作方面的相似之处。不过，斯兹弗隆仍然通过这部影片发出了自己独特的声音：一场对于一个腐败成风、经济和社会严重不平等的社会的尖锐抨击。
177,小偷家族,我们组成了家。,东京的都市丛林中央，残存着一栋古旧寒酸的老房子，这里局促地生活着柴田一家五口人。在工地当临时工的男人阿治（LilyFranky饰）经常带着儿子祥太（城桧吏饰）到超市盗窃生活用品，这一天，他们回家路上遇到了独自待在户外的四岁女孩由里（佐佐木美结饰）。妻子信代（安藤樱饰）起初极力主张将女孩送回父母身边，但当看到女孩原生家庭的状况时又心生恻隐。原本柴田家就靠着老奶奶初枝（树木希林饰）的养老金度日，而今多了一口人，自然更艰辛了几分。包括信代的妹妹亚纪（松冈茉优饰）在内，虽然一家人游走在贫困和违法的边缘，但笃深的羁绊将他们紧紧联系在一起，使他们的心不会随着冰冷的都市而寒冷下去……本片荣获第71届戛纳电影节金棕榈
178,忠犬八公物语,养狗三日，便会对你终其一生。,1923年，日本秋田县大馆市天降大雪，近藤家纯种秋田犬产仔，赠与县土木科长间濑。后者将其中一犬转赠东京帝国大学教授上野秀次郎（仲代达矢TatsuyaNakadai饰）驯养。上野的独生女千鹤子对此欢欣鼓舞，而上野夫妇却面露难色。后来，千鹤子（石野真子MakoIshino饰）谈恋爱，竟怀了男友的孩子。男友专程登门造访。上野与之对谈，后者诚惶诚恐，坦言要对其女儿负责，事不宜迟，即日便举行婚礼，上野闻听此言，转怒为喜。千鹤子出嫁后，上野旋即把全部的心血与爱都投注在幼犬身上，并取名为阿八。每日上下班，阿八必在涩谷车站等候，一年四季，风雨无阻，令路人叹为观止，成为地方一道风景，主仆之情感动天地……本片根据真实事件改编，为1987年日本票房冠军，票房成绩高达54亿日元。
179,记忆碎片,一个针管引发的血案。,当记忆支离破碎后，你该怎样面对生活？本片的主人公就遭遇了这样的事情。莱纳•谢尔比（盖伊•皮尔斯饰）在家遭到歹徒的袭击，妻子被残忍的奸杀，自己脑部也受到严重的伤害。醒来后，他发现自己患了罕见的“短期记忆丧失症”，他只能记住十几分钟前发生的事情，为了让生活继续下去，更为了替惨死的妻子报仇，他凭借纹身、纸条、宝丽来快照等零碎的小东西，保存记忆，收集线索，展开了艰难的调查。调查中，莱纳遇上粗俗的酒吧女招待娜塔莉娅(凯瑞•安妮•莫斯饰)，她似乎知道一些莱昂纳多感兴趣的事；还有泰迪(乔•潘托利亚诺饰)，自称是他以前好朋友，但看上去鬼鬼祟祟的，不怀好意。到底谁能相信？娜塔莉娅？泰迪？还是他自己？抽丝剥茧之后，真相呼之欲出，简单之至却又残酷无比，而莱纳是否有面对这一切的勇气？
180,岁月神偷,岁月流逝，来日可追。,60年代的香港，风云变幻。一面要忍受港英政府的压制，一面又受到内地运动的波及，更要面对不时登陆的台风暴雨。老字号的永利街就处在这样一个风暴的旋涡中心。鞋匠罗一家四口，在街尾以做鞋为生。罗先生（任达华饰）做得一手好鞋，在那个混乱的年代仅能养家糊口；罗太太（吴君如饰）为人辛辣直率，人称“侠盗罗嫂”。大儿子罗进一（李治廷饰）16岁，品学兼优，是运动会的冠军，全家人的希望，也是永利街的骄傲；小儿子罗进二（钟绍图饰）8岁，在父母溺爱之下，天性顽劣，出了名的顽皮整蛊……一家人艰难度日，也算其乐融融。然而大儿子与富家小姐芳菲（蔡颖恩饰）之间一段纯美的初恋、一场扫荡整个香港的飓风暴雨、更有一场潜伏已久的噩梦，让这个普通家庭的平安幸福在一夜之间陡生变故、支离破碎……面对岁月这个最大的“神偷”，顽强不屈的人该如何去抵抗？2010第60届柏林电影节“新生代...
181,爱在午夜降临前,所谓爱情，就是话唠一路，都不会心生腻烦，彼此嫌弃。,被影迷奉为爱情圭臬的《爱在黎明破晓前》、《爱在日落黄昏时》终于迎来了第三部《爱在午夜降临前》。第一部中美国青年杰西（伊桑·霍克EthanHawke饰）坐火车邂逅法国女孩赛琳（朱莉·德尔佩JulieDelpy饰），两人在维也纳度过难忘一晚；9年后的第二部，杰西已成为作家，他的小说让他和赛琳在巴黎重逢，两人于日落前再续前缘。如今又一个9年过去了，杰西与赛琳已经一起生活并有了一对双胞胎女儿，对人生和爱情也有了更多感悟。《爱在午夜降临前》就是撷取他们在希腊伯罗奔尼撒南部小岛度假的最后一天。导演理查德·林克莱特和两位主演就像与影迷在赴一个每9年的约会，尽管三部曲的制作跨度长达18年，但故事情节几乎可以写在一张纸的背面。电影惯于只用人与人的对话讲述故事，两位主人公或行走在静谧的村落，或悠然坐在露台和餐桌前，不断的讨论着文学、爱情、生活、两性等话题...
182,我是山姆,爱并不需要智商 。,"在星巴克工作的山姆（西恩•潘SeanPenn饰），虽已成人，但智力水平只有7岁。一次偶然，他收留了一个流浪女。该女子帮山姆生下了一个女儿后消失得无影无踪。他给女儿取名叫露西（达科塔•范宁DakotaFanning饰）,因为他最喜欢甲壳虫乐队的《天空中戴钻石的露西》。他非常疼爱自己的孩子。露西在山姆的细心呵护下慢慢地长大了，她发现爸爸不能看懂稍微复杂一些的故事。她在拒绝长大，希望和爸爸一样。父女两的生活是那么幸福。地区的教育官员发现了这个特殊的家庭，他们认为山姆没有能力照顾露西，于是把露西带走了。伤心极了的山姆一心要挣回露西的抚养权，于是他自以为是的去找该地区最好的律师……"
183,头号玩家,写给影迷，动漫迷和游戏迷的一封情书。,故事发生在2045年，虚拟现实技术已经渗透到了人类生活的每一个角落。詹姆斯哈利迪（马克·里朗斯MarkRylance饰）一手建造了名为“绿洲”的虚拟现实游戏世界，临终前，他宣布自己在游戏中设置了一个彩蛋，找到这枚彩蛋的人即可成为绿洲的继承人。要找到这枚彩蛋，必须先获得三把钥匙，而寻找钥匙的线索就隐藏在詹姆斯的过往之中。韦德（泰尔·谢里丹TyeSheridan饰）、艾奇（丽娜·维特LenaWaithe饰）、大东（森崎温饰）和修（赵家正饰）是游戏中的好友，和之后遇见的阿尔忒弥斯（奥利维亚·库克OliviaCooke饰）一起，五人踏上了寻找彩蛋的征程。他们所要对抗的，是名为诺兰索伦托（本·门德尔森BenMendelsohn饰）的大资本家。
184,哪吒闹海,想你时你在闹海。,商末时期，陈塘关总兵李靖的夫人怀胎3年6个月，最终生下一个肉球，肉球中跳出一个伶俐可爱的男孩。李靖原当他是妖孽欲杀之而后快，幸太乙真人前来收之为徒，赐名哪吒，并赐以乾坤圈和混天绫两件宝贝。某年，天下大旱，甘露未降。哪吒和家将到东海洗澡玩耍。他用混天绫搅动海水，撼动龙宫，惹出巡海夜叉李艮和龙王三太子敖丙。几番言语不和，哪吒杀此二人，由此闯下通天大祸。四海龙王齐聚陈塘关索命，为救一方百姓，哪吒决定交出生命……本片根据《封神演义》故事改编，并荣获1980年电影百花奖最佳美术片奖；文化部1979年优秀影片奖、青年优秀创作奖；1983年菲律宾马尼拉国际电影节特别奖；1988年法国布尔波拉斯文化俱乐部青年国际动画电影节评委奖和宽银幕长动画片奖。
185,射雕英雄传之东成西就,百看不厌。 ,
186,新世界,要做就做得狠一点，这样才能活下去。,
187,哈利·波特与火焰杯,,
188,大鱼,抱着梦想而活着的人是幸福的，怀抱梦想而死去的人是不朽的。,
189,告白,没有一人完全善，也没有一人完全恶。,
190,釜山行,揭露人性的丧尸题材力作。,
191,傲慢与偏见,爱是摈弃傲慢与偏见之后的曙光。,
192,玩具总动员3,跨度十五年的欢乐与泪水。,
193,神偷奶爸,Mr. I Don't Care其实也有Care的时候。,
194,2001太空漫游,现代科幻电影的开山之作，最伟大导演的最伟大影片。,这部影片是库布里克花了四年时间制作的充满哲学命题的鸿篇巨制。一块大黑石树立在史前人类的面前，他们刚刚开始认识工具，进入到进化的里程碑。同样的黑石还在宇宙多处出现，它们矗立在月球上，漂浮在太空中，带着某种神秘的寓意。现在的时间是2001年，为了寻找黑石的根源，人类开展一项木星登陆计划。飞船上有冬眠的三名宇航员，大卫船长（凯尔·杜拉KeirDullea饰）、富兰克飞行员（加里·洛克伍德GaryLockwood饰），还有一部叫“HAL9000”的高智能电脑。HAL在宇宙飞行过程中发生错乱，令到富兰克和三名冬眠人员相继丧命，剩下波曼和这台电脑作战。从死亡线上回来的大卫一气之下关掉主脑系统，HAL彻底失效。现在，茫茫宇宙中只剩大卫一人，向木星进发。穿越瑰异壮观的星门，大卫仿佛去到一个奇特的时空，那里有人类无尽的生死轮回和宇宙的终极知识……
195,玛丽和马克思,你是我最好的朋友，你是我唯一的朋友 。,
196,一个叫欧维的男人决定去死,惠及一生的美丽。,
197,未麻的部屋,好的剧本是，就算你猜到了结局也猜不到全部。,
198,阳光姐妹淘,再多各自牛逼的时光，也比不上一起傻逼的岁月。 ,25年前，高中生任娜美（沈恩京饰）一家从全罗道搬到汉城，娜美入读真德女子高中，因方言浓重怯于开口的娜美幸运的得到了同班大姐头夏春花（姜索拉饰）的维护，并与围绕在夏春花周围的执着于双眼皮的金玫瑰、满嘴脏话的黄珍熙、梦想成为作家的徐金玉、要成为韩国小姐的俞福姬以及沉默傲慢的美人郑秀智等五人结识。在一次和不良少女团对决之后，春花和娜美等七人组成了“Sunny”团体……多年以后，家庭主妇娜美在去医院探望母亲时偶然重逢了身患绝症住院的春花，后者希望在生命的最后两个月内，能够再见当年的Sunny成员。娜美找到金玫瑰，两人委托私家侦探寻找当年的同伴，而那些关于青春的回忆，也在一个个熟悉的名姓后面再次被唤醒。
199,教父3,任何信念的力量，都无法改变命运。,
200,寄生虫,,
201,萤火之森,触不到的恋人。,
202,幸福终点站,有时候幸福需要等一等。 ,
203,恐怖直播,恐怖分子的“秋菊打官司”。,
204,时空恋旅人,把每天当作最后一天般珍惜度过，积极拥抱生活，就是幸福。,
205,疯狂的石头,中国版《两杆大烟枪》。,重庆一间工艺品厂已经濒临倒闭，却不料在拆倒旧厂房的时候，发现了厕所里的一件宝物——一块价值连城的翡翠。厂里决定用这块翡翠举办一个展览，赚些钱发拖欠了几个月的工人工资。期间由工艺品厂保卫科长包世宏（郭涛饰）负责看守这件宝物。但是，国际大盗麦克与本地一帮小偷却让包世宏一筹莫展，他们各施其技接近翡翠，展览馆开始了一场明争暗斗的较量。黑色幽默也开始幕幕上演。翡翠的价值几何？最后谁是胜出者？事情远没有表面那么简单……
206,驯龙高手,和谐的生活离不开摸头与被摸头。,
207,阿凡达,绝对意义上的美轮美奂。,
208,小鞋子,奔跑的孩子是天使。,
209,拯救大兵瑞恩,美利坚精神输出大片No1.,
210,看不见的客人,你以为你以为的就是你以为的。,
211,西西里的美丽传说,美丽无罪。,
212,两杆大烟枪,4个臭皮匠顶个诸葛亮，盖·里奇果然不是盖的。,
213,情书,暗恋的极致。,
214,被解救的姜戈,热血沸腾，那个低俗、性感的无耻混蛋又来了。,1858年，美国南北战争前两年。德国赏金猎人金·舒尔茨（克里斯托弗·瓦尔兹ChristophWaltz饰）从贩奴商人手中买下黑奴姜戈（杰米·福克斯JamieFoxx饰），让其重获自由。舒尔茨实则是要把姜戈培养成无法无天的赏金猎人，为其缉拿各种通缉犯以换取报酬。姜戈的唯一条件是：从暴虐的糖果庄园主卡尔文·坎迪（莱昂纳多·迪卡普里奥LeonardoDiCaprio饰）手中解救出自己的妻子布鲁姆希尔达（凯丽·华盛顿KerryWashington饰）。本片是昆汀向1966年由塞吉奥·考布西执导的经典意大利西部片《迪亚戈》的致敬之作。鬼才导演痞子昆丁三年磨一剑，继《无耻混蛋》后又一巨制力作。本片延续昆汀一贯低调奢华的风格，处处可见奇思妙想的幽默元素和血腥野性的动作场面，更有强档群戏，豪华卡司，可谓看点十足。《被解放的姜戈》荣获第85届奥斯...
215,窃听风暴,别样人生。,
216,穿条纹睡衣的男孩,尽管有些不切实际的幻想，这部电影依旧是一部感人肺腑的佳作。,
217,本杰明·巴顿奇事,在时间之河里感受溺水之苦。,
218,美丽心灵,爱是一切逻辑和原由。,
219,饮食男女,人生不能像做菜，把所有的料都准备好了才下锅。,
220,搏击俱乐部,邪恶与平庸蛰伏于同一个母体，在特定的时间互相对峙。,
221,狮子王,动物版《哈姆雷特》。,
222,教父2,优雅的孤独。,
223,绿皮书,去除成见，需要勇气。,
224,死亡诗社,当一个死水般的体制内出现一个活跃的变数时，所有的腐臭都站在了光明的对面。,
225,指环王1：护戒使者,传说的开始。,
226,黑客帝国,视觉革命。,
227,大闹天宫,经典之作，历久弥新。,
228,音乐之声,用音乐化解仇恨，让歌声串起美好。,玛利亚（朱丽·安德鲁斯饰）是一个年轻活泼的修女，喜欢在大自然下高声歌唱，所以她常常忘记了修道院里的规矩。院长认为玛利亚并不属于规矩严格的修道院。院长与众嬷嬷商量后，决定安排玛利亚到一位名叫特拉普（克里斯托弗·普卢默饰）上校家当家庭教师。上校的妻子去世多年，留下7个孩子，他要求对孩子严格管教。他告诉玛利亚在他家的家庭教师都做不长久，都是因为孩子的恶作剧。玛利亚果然也遭到了恶作剧，可是这位善良的老师并没有告诉他们的父亲，而是像个母亲一样照顾孩子，很快跟孩子打成一片。上校也渐渐在玛利亚的引导下改变了对孩子们的态度。上校与玛利亚之间发生了感情，他们完婚后回到了已被纳粹占领的奥地利，上校并不想为纳粹办事，一家人准备逃跑……
229,怪兽电力公司,不要给它起名字，起了名字就有感情了。,我们不知道，在那样的世界里住着那样一群怪物。他们长相滑稽，却必须装作狰狞。因为，在夜深的时候，他们要悄悄的出现在孩子的衣橱里，吓唬刚刚甜美睡去的宝宝。一切，只因为他们是怪物电力公司的员工，而孩子的尖叫，则是怪物王国发电的全部能量。怪物们害怕孩子，却又必须让孩子尖叫。在怪物的国度里，他们都是为全民造福的英雄。毛怪苏利文（约翰•古德曼）是怪物公司最出色的员工，业绩总是摇摇领先，他吓哭的小孩儿不计其数。他与搭档大眼怪麦克（比利•克里斯托）很受大家的爱戴。一次偶然，毛怪不小心把一个两岁的小女孩阿布（玛丽•吉布斯）带回了怪物世界，引起了极大的恐慌，调皮可爱的阿布把这些可怕的怪物吓的人仰马翻。警方在追捕阿布，而坏蛋亨利（詹姆斯•柯博）也计划利用阿布进行他改革工厂的邪恶计划。另一方面，在与阿布相处的过程中，毛怪渐渐对她产生莫名的情愫，甚至因此被放逐野外。可是一...
230,罗马假日,爱情哪怕只有一天。,
231,龙猫,人人心中都有个龙猫，童年就永远不会消失。,
232,哈利·波特与密室,魔法的密室之门已打开...,
233,飞越疯人院,自由万岁。,麦克墨菲（杰克·尼科尔森JackNicholson饰）为了逃避监狱里的强制劳动，装作精神异常，被送进了精神病院，他的到来，给死气沉沉的精神病院带来了剧烈的冲击。麦克要求看棒球比赛的电视转播，挑战了医院严格的管理制度，受到护士长拉契特（路易丝·弗莱彻LouiseFletcher饰）的百般阻挠；麦克带领病人出海捕鱼，振奋了他们的精神，却让院方头痛不已。院方为了惩处麦克胆大妄为、屡犯院规，决定将他永远留在疯人院。生性自由的麦克再也无法忍受疯人院的生活，他联合病友，高大的印第安人“酋长”，开始自己的计划：飞越疯人院。本片获1975年第48届奥斯卡最佳影片，最佳男、女主角，最佳导演和最佳改编剧本五项大奖。主人公“不自由，毋宁死”的精神在当今社会仍有很大的现实意义。
234,大佛普拉斯,人们可以登上月球，却永远无法探索人们内心的宇宙。,
235,绿里奇迹,天使暂时离开。,
236,燃情岁月,传奇，不是每个人都可以拥有。,
237,火星救援,,
238,谍影重重2,谁说王家卫镜头很晃？,
239,末路狂花,没有了退路，只好飞向自由。,
240,爱乐之城,,
241,魂断蓝桥,中国式内在的美国电影。,
242,步履不停,日本的家庭电影已经是世界巅峰了，步履不停是巅峰中的佳作。,
243,辩护人,电影的现实意义大过电影本身。,1978年，只有高中学历的宋佑硕（宋康昊饰）通过多年的艰苦努力，终于通过司法考试，并在成为法官后很快转行成为一名律师。他敏锐地从最新政策中嗅到商机，以不动产代书业务起家。虽然被同行讥讽为随时随地派发名片的夜店小弟，但佑硕不以为忤，一步一步朝着心中的目标迈进。他依靠赚来的钱让妻儿过上富足的生活，也还了七年前在饭店大婶那里欠下的良心债。进入20世纪80年代，韩国民主化斗争愈演愈烈。佑硕全然不管窗外事，关起门来继续赚钱。然而社会的巨变已经不容他置身事外，饭店大婶的儿子朴镇宇因从属的釜山读书联合会被控为左翼社团而遭到逮捕，更受到残酷的虐待和不公的指控。虽然爱钱却更重感情的佑硕，就这样走上了为民主辩护的道路……
244,黑客帝国2：重装上阵,一个精彩的世界观正在缓缓建立。,
245,彗星来的那一夜,小成本大魅力。,
246,天堂电影院,那些吻戏，那些青春，都在影院的黑暗里被泪水冲刷得无比清晰。,意大利南部小镇，古灵精怪的小男孩托托（萨瓦特利·卡西欧饰）喜欢看电影，更喜欢看放映师阿尔弗雷多（菲利浦·诺瓦雷饰）放电影，他和阿尔弗雷多成为了忘年之交，在胶片中找到了童年生活的乐趣。好心的阿尔弗雷多为了让更多的观众看到电影，搞了一次露天电影，结果胶片着火了，托托把阿尔弗雷多从火海中救了出来，但阿尔弗雷多双目失明。托托成了小镇唯一会放电影的人，他接替阿尔弗雷多成了小镇的电影放映师。托托（马克·莱昂纳蒂饰）渐渐长大，他爱上了银行家的女儿艾莲娜（阿格妮丝·那诺饰）。初恋的纯洁情愫美如天堂，但是一对小情侣的海誓山盟被艾莲娜父亲的阻挠给隔断了，托托去服兵役，而艾莲娜去念大学。伤心的托托在阿尔弗雷多的鼓励下，离开小镇，追寻自己生命中的梦想……30年后，阿尔弗雷多去世，此时的托托已经是功成名就的导演，他回到了家乡，看到残破的天堂电影院，追忆往昔，唏...
247,侧耳倾听,少女情怀总是诗。,正在读初三的月岛雯是一个喜欢看书的女孩，她每次都能在借书卡上看到一个叫天泽圣司名字，因此她对这个人充满了好奇。雯一直喜欢写诗，有一天她跟好友夕子在讨论写诗的事，夕子告诉雯自己收到了情书，但事实上夕子已有了喜欢的人。更没有想到的是，夕子喜欢的杉村喜欢的是雯，雯一时间感到十分困惑。雯无意中来到了一个小店，原来店主是圣司的爷爷。认识了圣司之后，听到了圣司对自己理想的追求之后，也激发了雯对自己理想的追求之念。当圣司离开了到意大利学习做小提琴时，雯决定要专心写作。当雯完成了作品之后，她发现原来自己高估了自己，就这样她选择继续考高中，这时她非常想念圣司。一天凌晨，她站到窗边，突然看到了一个熟悉的身影……
248,战争之王,做一颗让别人需要你的棋子。,本来美国移民尤瑞（尼古拉斯•凯奇NicolasCage饰）的家族生意是开饭馆。但是一个偶然的机会令他踏入了军火生意的大门，从此开始了贩卖武器的“职业生涯”。尤瑞遇事机智，胆大心细，这不仅让他成功俘获了美女埃娃的心，还使得他在地下军火生意中愈战愈勇。但是，不顺心的事情也随之而来：出现了生意上的死对头和一名老是盯着他的国际警察；弟弟染上毒瘾，并在一单生意交易中丧了命，而且，尽管他在竭力维护自己在家庭里的正义形象，但却掩盖不了真相。尤瑞开始反省自己生意的正义性，拷问自己的良心，但一切太迟，他已经众叛亲离……
249,七武士,时代悲歌。,日本战国时代，一小山村面临着山贼的威胁，为了保护秋天的收成，村中长老决定让去请武士来保护村子安全，但只能拿出的报酬是一天三顿的白米饭。在城里，他们遭到了武士白眼甚至被打。直到勘兵卫（志村乔饰）的出现，他现今已沦为浪人，几经考虑最后答应了。他对农民说至少需要七名武士，于是久藏（宫口精二饰）、胜四郎（木村功饰）、五郎（稻叶义男饰）、七郎（加东大介饰）、平八（千秋实饰）和菊千代（三船敏郎饰）等六人也加入了队伍，七个人肩负保卫村子的任务。整个防御准备的过程中，武士与农民间发生许多摩擦也闹出不少笑话。而在一次偷袭行动中，有武士为救农民被火枪打死，很快山贼的反扑随之而来，一场恶战即将开始。
250,天使爱美丽,法式小清新。 ,艾米莉（奥黛丽·塔图AudreyTautou饰）有着别人看来不幸的童年——父亲给她做健康检查时，发现她心跳过快，便断定她患上心脏病，从此艾米莉与学校绝缘。随后因为一桩意外，母亲在她眼前突然死去。这一切都毫不影响艾米莉对生活的豁达乐观。1997年，戴安娜王妃的去世让她倍感人生的孤独脆弱，艾米莉从此开始了一系列助人计划，包括自闭忧郁的邻居老人，被老板刻薄的菜摊伙计、遗失了童年器物的旧房东、爱情失意的咖啡店同事。但她万万想不到，成人录象带商店店员尼诺（马修·卡索维MathieuKassovitz饰），竟成为她的棘手对象，艾米莉开始了令人哭笑不得的另类计划……
